"No.","Time","Source","Destination","Protocol","Length","Info"
"45","7.695725","::1","::1","MQTT","78","Connect Command"
"47","7.699744","::1","::1","MQTT","68","Connect Ack"
"51","7.699930","::1","::1","MQTT","89","Subscribe Request (id=1) ['iot/surveillance']"
"53","7.700301","::1","::1","MQTT","69","Subscribe Ack (id=1)"
"74","11.879385","::1","::1","MQTT","78","Connect Command"
"76","11.879666","::1","::1","MQTT","68","Connect Ack"
"87","11.881438","::1","::1","MQTT","558","Publish Message [iot/surveillance]"
"89","11.881642","::1","::1","MQTT","87","Subscribe Request (id=2) [iot/surveillance]"
"92","11.881763","::1","::1","MQTT","565","Publish Message [iot/surveillance]"
"95","11.881891","::1","::1","MQTT","69","Subscribe Ack (id=2)"
"99","11.882055","::1","::1","MQTT","565","Publish Message [iot/surveillance]"
"101","11.882117","::1","::1","MQTT","558","Publish Message [iot/surveillance]"
"103","11.882288","::1","::1","MQTT","558","Publish Message [iot/surveillance]"
"104","11.882293","::1","::1","MQTT","557","Publish Message [iot/surveillance]"
"109","11.882450","::1","::1","MQTT","556","Publish Message [iot/surveillance]"
"111","11.882574","::1","::1","MQTT","557","Publish Message [iot/surveillance]"
"116","11.884024","::1","::1","MQTT","559","Publish Message [iot/surveillance]"
"117","11.884067","::1","::1","MQTT","556","Publish Message [iot/surveillance]"
"120","11.884207","::1","::1","MQTT","557","Publish Message [iot/surveillance]"
"122","11.884287","::1","::1","MQTT","559","Publish Message [iot/surveillance]"
"124","11.884402","::1","::1","MQTT","555","Publish Message [iot/surveillance]"
"126","11.884540","::1","::1","MQTT","557","Publish Message [iot/surveillance]"
"129","11.884734","::1","::1","MQTT","558","Publish Message [iot/surveillance]"
"132","11.884768","::1","::1","MQTT","555","Publish Message [iot/surveillance]"
"134","11.884979","::1","::1","MQTT","558","Publish Message [iot/surveillance]"
"138","11.885632","::1","::1","MQTT","559","Publish Message [iot/surveillance]"
"140","11.885915","::1","::1","MQTT","559","Publish Message [iot/surveillance]"
"150","12.887536","::1","::1","MQTT","561","Publish Message [iot/surveillance]"
"156","12.888201","::1","::1","MQTT","558","Publish Message [iot/surveillance]"
"157","12.888237","::1","::1","MQTT","561","Publish Message [iot/surveillance]"
"160","12.888690","::1","::1","MQTT","558","Publish Message [iot/surveillance]"
"164","12.888802","::1","::1","MQTT","556","Publish Message [iot/surveillance]"
"165","12.889066","::1","::1","MQTT","556","Publish Message [iot/surveillance]"
"171","12.889380","::1","::1","MQTT","559","Publish Message [iot/surveillance]"
"173","12.889741","::1","::1","MQTT","559","Publish Message [iot/surveillance]"
"176","12.889812","::1","::1","MQTT","557","Publish Message [iot/surveillance]"
"178","12.890035","::1","::1","MQTT","559","Publish Message [iot/surveillance]"
"182","12.890221","::1","::1","MQTT","563","Publish Message [iot/surveillance]"
"183","12.890243","::1","::1","MQTT","557","Publish Message [iot/surveillance]"
"186","12.890413","::1","::1","MQTT","556","Publish Message [iot/surveillance]"
"187","12.890543","::1","::1","MQTT","559","Publish Message [iot/surveillance]"
"191","12.890656","::1","::1","MQTT","557","Publish Message [iot/surveillance]"
"192","12.890860","::1","::1","MQTT","563","Publish Message [iot/surveillance]"
"194","12.890934","::1","::1","MQTT","560","Publish Message [iot/surveillance]"
"195","12.891241","::1","::1","MQTT","556","Publish Message [iot/surveillance]"
"197","12.891560","::1","::1","MQTT","557","Publish Message [iot/surveillance]"
"199","12.891867","::1","::1","MQTT","560","Publish Message [iot/surveillance]"
"207","13.891840","::1","::1","MQTT","559","Publish Message [iot/surveillance]"
"211","13.892046","::1","::1","MQTT","557","Publish Message [iot/surveillance]"
"213","13.892138","::1","::1","MQTT","559","Publish Message [iot/surveillance]"
"215","13.892375","::1","::1","MQTT","557","Publish Message [iot/surveillance]"
"219","13.893181","::1","::1","MQTT","559","Publish Message [iot/surveillance]"
"223","13.893502","::1","::1","MQTT","559","Publish Message [iot/surveillance]"
"229","13.894996","::1","::1","MQTT","560","Publish Message [iot/surveillance]"
"231","13.895234","::1","::1","MQTT","560","Publish Message [iot/surveillance]"
"233","13.895292","::1","::1","MQTT","560","Publish Message [iot/surveillance]"
"236","13.895466","::1","::1","MQTT","561","Publish Message [iot/surveillance]"
"239","13.895503","::1","::1","MQTT","558","Publish Message [iot/surveillance]"
"241","13.895532","::1","::1","MQTT","560","Publish Message [iot/surveillance]"
"243","13.895716","::1","::1","MQTT","561","Publish Message [iot/surveillance]"
"246","13.895951","::1","::1","MQTT","558","Publish Message [iot/surveillance]"
"249","13.896441","::1","::1","MQTT","557","Publish Message [iot/surveillance]"
"251","13.896672","::1","::1","MQTT","557","Publish Message [iot/surveillance]"
"257","13.897695","::1","::1","MQTT","555","Publish Message [iot/surveillance]"
"259","13.897782","::1","::1","MQTT","557","Publish Message [iot/surveillance]"
"261","13.897908","::1","::1","MQTT","555","Publish Message [iot/surveillance]"
"263","13.898086","::1","::1","MQTT","557","Publish Message [iot/surveillance]"
"273","14.898351","::1","::1","MQTT","557","Publish Message [iot/surveillance]"
"277","14.899312","::1","::1","MQTT","557","Publish Message [iot/surveillance]"
"278","14.899332","::1","::1","MQTT","557","Publish Message [iot/surveillance]"
"283","14.899550","::1","::1","MQTT","556","Publish Message [iot/surveillance]"
"286","14.899822","::1","::1","MQTT","557","Publish Message [iot/surveillance]"
"289","14.899876","::1","::1","MQTT","560","Publish Message [iot/surveillance]"
"291","14.900195","::1","::1","MQTT","556","Publish Message [iot/surveillance]"
"295","14.900562","::1","::1","MQTT","560","Publish Message [iot/surveillance]"
"297","14.901243","::1","::1","MQTT","555","Publish Message [iot/surveillance]"
"299","14.901770","::1","::1","MQTT","555","Publish Message [iot/surveillance]"
"305","14.903037","::1","::1","MQTT","556","Publish Message [iot/surveillance]"
"307","14.903181","::1","::1","MQTT","556","Publish Message [iot/surveillance]"
"311","14.903407","::1","::1","MQTT","562","Publish Message [iot/surveillance]"
"313","14.903581","::1","::1","MQTT","556","Publish Message [iot/surveillance]"
"316","14.903940","::1","::1","MQTT","556","Publish Message [iot/surveillance]"
"319","14.904225","::1","::1","MQTT","562","Publish Message [iot/surveillance]"
"321","14.904323","::1","::1","MQTT","562","Publish Message [iot/surveillance]"
"325","14.904608","::1","::1","MQTT","562","Publish Message [iot/surveillance]"
"326","14.904619","::1","::1","MQTT","563","Publish Message [iot/surveillance]"
"329","14.904928","::1","::1","MQTT","563","Publish Message [iot/surveillance]"
"339","15.906317","::1","::1","MQTT","557","Publish Message [iot/surveillance]"
"343","15.906593","::1","::1","MQTT","558","Publish Message [iot/surveillance]"
"347","15.906918","::1","::1","MQTT","561","Publish Message [iot/surveillance]"
"349","15.906975","::1","::1","MQTT","557","Publish Message [iot/surveillance]"
"351","15.907325","::1","::1","MQTT","558","Publish Message [iot/surveillance]"
"355","15.907681","::1","::1","MQTT","561","Publish Message [iot/surveillance]"
"357","15.907748","::1","::1","MQTT","559","Publish Message [iot/surveillance]"
"361","15.908387","::1","::1","MQTT","559","Publish Message [iot/surveillance]"
"365","15.909236","::1","::1","MQTT","561","Publish Message [iot/surveillance]"
"367","15.909344","::1","::1","MQTT","558","Publish Message [iot/surveillance]"
"371","15.909516","::1","::1","MQTT","557","Publish Message [iot/surveillance]"
"373","15.909548","::1","::1","MQTT","561","Publish Message [iot/surveillance]"
"375","15.909829","::1","::1","MQTT","558","Publish Message [iot/surveillance]"
"379","15.910112","::1","::1","MQTT","557","Publish Message [iot/surveillance]"
"381","15.910379","::1","::1","MQTT","558","Publish Message [iot/surveillance]"
"383","15.910735","::1","::1","MQTT","558","Publish Message [iot/surveillance]"
"389","15.912093","::1","::1","MQTT","562","Publish Message [iot/surveillance]"
"391","15.912196","::1","::1","MQTT","560","Publish Message [iot/surveillance]"
"393","15.912482","::1","::1","MQTT","562","Publish Message [iot/surveillance]"
"395","15.912804","::1","::1","MQTT","560","Publish Message [iot/surveillance]"
"407","16.913555","::1","::1","MQTT","559","Publish Message [iot/surveillance]"
"411","16.913719","::1","::1","MQTT","558","Publish Message [iot/surveillance]"
"415","16.914300","::1","::1","MQTT","559","Publish Message [iot/surveillance]"
"420","16.914673","::1","::1","MQTT","558","Publish Message [iot/surveillance]"
"423","16.914738","::1","::1","MQTT","558","Publish Message [iot/surveillance]"
"425","16.914907","::1","::1","MQTT","557","Publish Message [iot/surveillance]"
"429","16.915096","::1","::1","MQTT","558","Publish Message [iot/surveillance]"
"430","16.915126","::1","::1","MQTT","554","Publish Message [iot/surveillance]"
"432","16.915163","::1","::1","MQTT","557","Publish Message [iot/surveillance]"
"434","16.915457","::1","::1","MQTT","557","Publish Message [iot/surveillance]"
"438","16.915824","::1","::1","MQTT","554","Publish Message [iot/surveillance]"
"440","16.916091","::1","::1","MQTT","559","Publish Message [iot/surveillance]"
"442","16.916158","::1","::1","MQTT","557","Publish Message [iot/surveillance]"
"446","16.916327","::1","::1","MQTT","554","Publish Message [iot/surveillance]"
"448","16.916437","::1","::1","MQTT","559","Publish Message [iot/surveillance]"
"450","16.916698","::1","::1","MQTT","554","Publish Message [iot/surveillance]"
"454","16.917317","::1","::1","MQTT","558","Publish Message [iot/surveillance]"
"458","16.917664","::1","::1","MQTT","558","Publish Message [iot/surveillance]"
"460","16.918651","::1","::1","MQTT","556","Publish Message [iot/surveillance]"
"462","16.919031","::1","::1","MQTT","556","Publish Message [iot/surveillance]"
"470","17.919705","::1","::1","MQTT","558","Publish Message [iot/surveillance]"
"474","17.920001","::1","::1","MQTT","557","Publish Message [iot/surveillance]"
"476","17.920462","::1","::1","MQTT","558","Publish Message [iot/surveillance]"
"478","17.920801","::1","::1","MQTT","557","Publish Message [iot/surveillance]"
"482","17.921387","::1","::1","MQTT","554","Publish Message [iot/surveillance]"
"484","17.921663","::1","::1","MQTT","554","Publish Message [iot/surveillance]"
"490","17.922651","::1","::1","MQTT","560","Publish Message [iot/surveillance]"
"492","17.922750","::1","::1","MQTT","561","Publish Message [iot/surveillance]"
"496","17.922937","::1","::1","MQTT","557","Publish Message [iot/surveillance]"
"498","17.922980","::1","::1","MQTT","560","Publish Message [iot/surveillance]"
"500","17.923430","::1","::1","MQTT","561","Publish Message [iot/surveillance]"
"504","17.923809","::1","::1","MQTT","557","Publish Message [iot/surveillance]"
"506","17.924027","::1","::1","MQTT","555","Publish Message [iot/surveillance]"
"510","17.924509","::1","::1","MQTT","555","Publish Message [iot/surveillance]"
"514","17.925756","::1","::1","MQTT","565","Publish Message [iot/surveillance]"
"516","17.925820","::1","::1","MQTT","559","Publish Message [iot/surveillance]"
"518","17.926104","::1","::1","MQTT","565","Publish Message [iot/surveillance]"
"522","17.926422","::1","::1","MQTT","559","Publish Message [iot/surveillance]"
"524","17.926994","::1","::1","MQTT","557","Publish Message [iot/surveillance]"
"526","17.927286","::1","::1","MQTT","557","Publish Message [iot/surveillance]"
"536","18.928860","::1","::1","MQTT","558","Publish Message [iot/surveillance]"
"540","18.929124","::1","::1","MQTT","557","Publish Message [iot/surveillance]"
"542","18.929636","::1","::1","MQTT","558","Publish Message [iot/surveillance]"
"544","18.930068","::1","::1","MQTT","557","Publish Message [iot/surveillance]"
"548","18.930795","::1","::1","MQTT","551","Publish Message [iot/surveillance]"
"552","18.931281","::1","::1","MQTT","551","Publish Message [iot/surveillance]"
"556","18.932283","::1","::1","MQTT","559","Publish Message [iot/surveillance]"
"558","18.932439","::1","::1","MQTT","563","Publish Message [iot/surveillance]"
"562","18.932584","::1","::1","MQTT","560","Publish Message [iot/surveillance]"
"564","18.932697","::1","::1","MQTT","559","Publish Message [iot/surveillance]"
"566","18.933092","::1","::1","MQTT","563","Publish Message [iot/surveillance]"
"570","18.933423","::1","::1","MQTT","560","Publish Message [iot/surveillance]"
"572","18.933458","::1","::1","MQTT","560","Publish Message [iot/surveillance]"
"576","18.933835","::1","::1","MQTT","560","Publish Message [iot/surveillance]"
"580","18.934796","::1","::1","MQTT","556","Publish Message [iot/surveillance]"
"582","18.934906","::1","::1","MQTT","558","Publish Message [iot/surveillance]"
"586","18.935072","::1","::1","MQTT","558","Publish Message [iot/surveillance]"
"588","18.935105","::1","::1","MQTT","556","Publish Message [iot/surveillance]"
"590","18.935398","::1","::1","MQTT","558","Publish Message [iot/surveillance]"
"592","18.935675","::1","::1","MQTT","558","Publish Message [iot/surveillance]"
"600","19.936585","::1","::1","MQTT","561","Publish Message [iot/surveillance]"
"604","19.936736","::1","::1","MQTT","559","Publish Message [iot/surveillance]"
"608","19.937312","::1","::1","MQTT","561","Publish Message [iot/surveillance]"
"612","19.937376","::1","::1","MQTT","551","Publish Message [iot/surveillance]"
"615","19.937634","::1","::1","MQTT","559","Publish Message [iot/surveillance]"
"618","19.937705","::1","::1","MQTT","560","Publish Message [iot/surveillance]"
"620","19.937926","::1","::1","MQTT","551","Publish Message [iot/surveillance]"
"624","19.938225","::1","::1","MQTT","560","Publish Message [iot/surveillance]"
"628","19.938320","::1","::1","MQTT","552","Publish Message [iot/surveillance]"
"630","19.938733","::1","::1","MQTT","552","Publish Message [iot/surveillance]"
"632","19.939201","::1","::1","MQTT","558","Publish Message [iot/surveillance]"
"635","19.939491","::1","::1","MQTT","563","Publish Message [iot/surveillance]"
"638","19.939564","::1","::1","MQTT","559","Publish Message [iot/surveillance]"
"640","19.939908","::1","::1","MQTT","558","Publish Message [iot/surveillance]"
"644","19.940642","::1","::1","MQTT","563","Publish Message [iot/surveillance]"
"648","19.941194","::1","::1","MQTT","559","Publish Message [iot/surveillance]"
"650","19.941997","::1","::1","MQTT","561","Publish Message [iot/surveillance]"
"652","19.942083","::1","::1","MQTT","557","Publish Message [iot/surveillance]"
"654","19.942365","::1","::1","MQTT","561","Publish Message [iot/surveillance]"
"656","19.942686","::1","::1","MQTT","557","Publish Message [iot/surveillance]"
"662","20.942940","::1","::1","MQTT","560","Publish Message [iot/surveillance]"
"664","20.943372","::1","::1","MQTT","560","Publish Message [iot/surveillance]"
"668","20.944000","::1","::1","MQTT","557","Publish Message [iot/surveillance]"
"670","20.944323","::1","::1","MQTT","557","Publish Message [iot/surveillance]"
"678","20.945934","::1","::1","MQTT","559","Publish Message [iot/surveillance]"
"680","20.946278","::1","::1","MQTT","559","Publish Message [iot/surveillance]"
"682","20.946385","::1","::1","MQTT","559","Publish Message [iot/surveillance]"
"686","20.946566","::1","::1","MQTT","560","Publish Message [iot/surveillance]"
"688","20.946717","::1","::1","MQTT","556","Publish Message [iot/surveillance]"
"689","20.946719","::1","::1","MQTT","559","Publish Message [iot/surveillance]"
"694","20.946842","::1","::1","MQTT","557","Publish Message [iot/surveillance]"
"696","20.947000","::1","::1","MQTT","560","Publish Message [iot/surveillance]"
"700","20.947263","::1","::1","MQTT","556","Publish Message [iot/surveillance]"
"704","20.947612","::1","::1","MQTT","557","Publish Message [iot/surveillance]"
"706","20.947771","::1","::1","MQTT","562","Publish Message [iot/surveillance]"
"708","20.947926","::1","::1","MQTT","558","Publish Message [iot/surveillance]"
"710","20.948057","::1","::1","MQTT","562","Publish Message [iot/surveillance]"
"714","20.948112","::1","::1","MQTT","558","Publish Message [iot/surveillance]"
"716","20.948330","::1","::1","MQTT","558","Publish Message [iot/surveillance]"
"718","20.948579","::1","::1","MQTT","558","Publish Message [iot/surveillance]"
"726","21.950012","::1","::1","MQTT","556","Publish Message [iot/surveillance]"
"730","21.950535","::1","::1","MQTT","553","Publish Message [iot/surveillance]"
"732","21.950748","::1","::1","MQTT","556","Publish Message [iot/surveillance]"
"734","21.951211","::1","::1","MQTT","553","Publish Message [iot/surveillance]"
"738","21.952749","::1","::1","MQTT","557","Publish Message [iot/surveillance]"
"742","21.953211","::1","::1","MQTT","552","Publish Message [iot/surveillance]"
"744","21.953261","::1","::1","MQTT","557","Publish Message [iot/surveillance]"
"746","21.953686","::1","::1","MQTT","552","Publish Message [iot/surveillance]"
"750","21.955697","::1","::1","MQTT","556","Publish Message [iot/surveillance]"
"754","21.955921","::1","::1","MQTT","555","Publish Message [iot/surveillance]"
"756","21.956255","::1","::1","MQTT","556","Publish Message [iot/surveillance]"
"759","21.956734","::1","::1","MQTT","555","Publish Message [iot/surveillance]"
"762","21.957473","::1","::1","MQTT","560","Publish Message [iot/surveillance]"
"764","21.957826","::1","::1","MQTT","560","Publish Message [iot/surveillance]"
"770","21.959109","::1","::1","MQTT","560","Publish Message [iot/surveillance]"
"772","21.959242","::1","::1","MQTT","561","Publish Message [iot/surveillance]"
"775","21.959390","::1","::1","MQTT","560","Publish Message [iot/surveillance]"
"778","21.959415","::1","::1","MQTT","556","Publish Message [iot/surveillance]"
"780","21.959668","::1","::1","MQTT","561","Publish Message [iot/surveillance]"
"782","21.959933","::1","::1","MQTT","556","Publish Message [iot/surveillance]"
"790","22.960985","::1","::1","MQTT","553","Publish Message [iot/surveillance]"
"794","22.961285","::1","::1","MQTT","561","Publish Message [iot/surveillance]"
"796","22.961489","::1","::1","MQTT","553","Publish Message [iot/surveillance]"
"800","22.961983","::1","::1","MQTT","561","Publish Message [iot/surveillance]"
"804","22.962110","::1","::1","MQTT","556","Publish Message [iot/surveillance]"
"806","22.962499","::1","::1","MQTT","557","Publish Message [iot/surveillance]"
"807","22.962516","::1","::1","MQTT","556","Publish Message [iot/surveillance]"
"812","22.962665","::1","::1","MQTT","554","Publish Message [iot/surveillance]"
"814","22.962812","::1","::1","MQTT","557","Publish Message [iot/surveillance]"
"818","22.963097","::1","::1","MQTT","554","Publish Message [iot/surveillance]"
"820","22.963632","::1","::1","MQTT","550","Publish Message [iot/surveillance]"
"822","22.963959","::1","::1","MQTT","550","Publish Message [iot/surveillance]"
"828","22.965231","::1","::1","MQTT","558","Publish Message [iot/surveillance]"
"830","22.965331","::1","::1","MQTT","556","Publish Message [iot/surveillance]"
"834","22.965458","::1","::1","MQTT","557","Publish Message [iot/surveillance]"
"836","22.965598","::1","::1","MQTT","558","Publish Message [iot/surveillance]"
"840","22.965741","::1","::1","MQTT","557","Publish Message [iot/surveillance]"
"842","22.965873","::1","::1","MQTT","556","Publish Message [iot/surveillance]"
"844","22.966276","::1","::1","MQTT","557","Publish Message [iot/surveillance]"
"846","22.966531","::1","::1","MQTT","557","Publish Message [iot/surveillance]"
"856","23.966955","::1","::1","MQTT","563","Publish Message [iot/surveillance]"
"860","23.967138","::1","::1","MQTT","562","Publish Message [iot/surveillance]"
"864","23.967618","::1","::1","MQTT","560","Publish Message [iot/surveillance]"
"866","23.967713","::1","::1","MQTT","563","Publish Message [iot/surveillance]"
"868","23.968242","::1","::1","MQTT","562","Publish Message [iot/surveillance]"
"872","23.968611","::1","::1","MQTT","560","Publish Message [iot/surveillance]"
"876","23.970833","::1","::1","MQTT","556","Publish Message [iot/surveillance]"
"878","23.970958","::1","::1","MQTT","555","Publish Message [iot/surveillance]"
"880","23.971191","::1","::1","MQTT","556","Publish Message [iot/surveillance]"
"882","23.971215","::1","::1","MQTT","554","Publish Message [iot/surveillance]"
"885","23.971572","::1","::1","MQTT","555","Publish Message [iot/surveillance]"
"887","23.971907","::1","::1","MQTT","554","Publish Message [iot/surveillance]"
"891","23.972426","::1","::1","MQTT","558","Publish Message [iot/surveillance]"
"893","23.972767","::1","::1","MQTT","558","Publish Message [iot/surveillance]"
"899","23.973852","::1","::1","MQTT","560","Publish Message [iot/surveillance]"
"901","23.973964","::1","::1","MQTT","560","Publish Message [iot/surveillance]"
"905","23.974117","::1","::1","MQTT","558","Publish Message [iot/surveillance]"
"907","23.974160","::1","::1","MQTT","560","Publish Message [iot/surveillance]"
"909","23.974531","::1","::1","MQTT","560","Publish Message [iot/surveillance]"
"911","23.974897","::1","::1","MQTT","558","Publish Message [iot/surveillance]"
"919","24.975880","::1","::1","MQTT","554","Publish Message [iot/surveillance]"
"923","24.976411","::1","::1","MQTT","554","Publish Message [iot/surveillance]"
"924","24.976476","::1","::1","MQTT","557","Publish Message [iot/surveillance]"
"929","24.976802","::1","::1","MQTT","556","Publish Message [iot/surveillance]"
"931","24.976936","::1","::1","MQTT","557","Publish Message [iot/surveillance]"
"934","24.977154","::1","::1","MQTT","559","Publish Message [iot/surveillance]"
"936","24.977453","::1","::1","MQTT","556","Publish Message [iot/surveillance]"
"939","24.978694","::1","::1","MQTT","552","Publish Message [iot/surveillance]"
"940","24.978740","::1","::1","MQTT","559","Publish Message [iot/surveillance]"
"945","24.981058","::1","::1","MQTT","554","Publish Message [iot/surveillance]"
"946","24.981118","::1","::1","MQTT","552","Publish Message [iot/surveillance]"
"949","24.981648","::1","::1","MQTT","553","Publish Message [iot/surveillance]"
"950","24.981671","::1","::1","MQTT","554","Publish Message [iot/surveillance]"
"951","24.981845","::1","::1","MQTT","555","Publish Message [iot/surveillance]"
"955","24.981996","::1","::1","MQTT","559","Publish Message [iot/surveillance]"
"957","24.982050","::1","::1","MQTT","553","Publish Message [iot/surveillance]"
"961","24.982417","::1","::1","MQTT","555","Publish Message [iot/surveillance]"
"963","24.982740","::1","::1","MQTT","559","Publish Message [iot/surveillance]"
"965","24.982874","::1","::1","MQTT","557","Publish Message [iot/surveillance]"
"967","24.983167","::1","::1","MQTT","557","Publish Message [iot/surveillance]"
"977","25.985467","::1","::1","MQTT","560","Publish Message [iot/surveillance]"
"981","25.985622","::1","::1","MQTT","559","Publish Message [iot/surveillance]"
"983","25.986001","::1","::1","MQTT","560","Publish Message [iot/surveillance]"
"987","25.986298","::1","::1","MQTT","559","Publish Message [iot/surveillance]"
"991","25.987154","::1","::1","MQTT","561","Publish Message [iot/surveillance]"
"993","25.987269","::1","::1","MQTT","552","Publish Message [iot/surveillance]"
"997","25.987413","::1","::1","MQTT","561","Publish Message [iot/surveillance]"
"999","25.987444","::1","::1","MQTT","561","Publish Message [iot/surveillance]"
"1001","25.987710","::1","::1","MQTT","552","Publish Message [iot/surveillance]"
"1005","25.988044","::1","::1","MQTT","561","Publish Message [iot/surveillance]"
"1009","25.988552","::1","::1","MQTT","559","Publish Message [iot/surveillance]"
"1011","25.988660","::1","::1","MQTT","557","Publish Message [iot/surveillance]"
"1015","25.988804","::1","::1","MQTT","560","Publish Message [iot/surveillance]"
"1017","25.989002","::1","::1","MQTT","559","Publish Message [iot/surveillance]"
"1021","25.989270","::1","::1","MQTT","557","Publish Message [iot/surveillance]"
"1023","25.989609","::1","::1","MQTT","560","Publish Message [iot/surveillance]"
"1024","25.989616","::1","::1","MQTT","565","Publish Message [iot/surveillance]"
"1029","25.989846","::1","::1","MQTT","558","Publish Message [iot/surveillance]"
"1031","25.989989","::1","::1","MQTT","565","Publish Message [iot/surveillance]"
"1033","25.990311","::1","::1","MQTT","558","Publish Message [iot/surveillance]"
"1041","26.991771","::1","::1","MQTT","557","Publish Message [iot/surveillance]"
"1045","26.992040","::1","::1","MQTT","558","Publish Message [iot/surveillance]"
"1048","26.992524","::1","::1","MQTT","557","Publish Message [iot/surveillance]"
"1051","26.992596","::1","::1","MQTT","553","Publish Message [iot/surveillance]"
"1053","26.992931","::1","::1","MQTT","558","Publish Message [iot/surveillance]"
"1057","26.993343","::1","::1","MQTT","553","Publish Message [iot/surveillance]"
"1061","26.994502","::1","::1","MQTT","559","Publish Message [iot/surveillance]"
"1063","26.994568","::1","::1","MQTT","559","Publish Message [iot/surveillance]"
"1067","26.994710","::1","::1","MQTT","554","Publish Message [iot/surveillance]"
"1069","26.994825","::1","::1","MQTT","559","Publish Message [iot/surveillance]"
"1073","26.995055","::1","::1","MQTT","558","Publish Message [iot/surveillance]"
"1075","26.995132","::1","::1","MQTT","559","Publish Message [iot/surveillance]"
"1077","26.995400","::1","::1","MQTT","554","Publish Message [iot/surveillance]"
"1081","26.995672","::1","::1","MQTT","558","Publish Message [iot/surveillance]"
"1083","26.995866","::1","::1","MQTT","558","Publish Message [iot/surveillance]"
"1085","26.996111","::1","::1","MQTT","558","Publish Message [iot/surveillance]"
"1091","26.997367","::1","::1","MQTT","558","Publish Message [iot/surveillance]"
"1093","26.997589","::1","::1","MQTT","553","Publish Message [iot/surveillance]"
"1095","26.997722","::1","::1","MQTT","558","Publish Message [iot/surveillance]"
"1097","26.997995","::1","::1","MQTT","553","Publish Message [iot/surveillance]"
"1107","27.998450","::1","::1","MQTT","558","Publish Message [iot/surveillance]"
"1111","27.998662","::1","::1","MQTT","556","Publish Message [iot/surveillance]"
"1113","27.998816","::1","::1","MQTT","558","Publish Message [iot/surveillance]"
"1115","27.999133","::1","::1","MQTT","556","Publish Message [iot/surveillance]"
"1119","27.999656","::1","::1","MQTT","558","Publish Message [iot/surveillance]"
"1123","27.999776","::1","::1","MQTT","557","Publish Message [iot/surveillance]"
"1125","27.999953","::1","::1","MQTT","558","Publish Message [iot/surveillance]"
"1127","28.000128","::1","::1","MQTT","557","Publish Message [iot/surveillance]"
"1131","28.000433","::1","::1","MQTT","560","Publish Message [iot/surveillance]"
"1134","28.000648","::1","::1","MQTT","560","Publish Message [iot/surveillance]"
"1139","28.001373","::1","::1","MQTT","559","Publish Message [iot/surveillance]"
"1141","28.001421","::1","::1","MQTT","560","Publish Message [iot/surveillance]"
"1145","28.001513","::1","::1","MQTT","564","Publish Message [iot/surveillance]"
"1147","28.001647","::1","::1","MQTT","559","Publish Message [iot/surveillance]"
"1151","28.001902","::1","::1","MQTT","560","Publish Message [iot/surveillance]"
"1153","28.002025","::1","::1","MQTT","557","Publish Message [iot/surveillance]"
"1155","28.002153","::1","::1","MQTT","564","Publish Message [iot/surveillance]"
"1159","28.002473","::1","::1","MQTT","557","Publish Message [iot/surveillance]"
"1161","28.002912","::1","::1","MQTT","560","Publish Message [iot/surveillance]"
"1163","28.003196","::1","::1","MQTT","560","Publish Message [iot/surveillance]"
"1171","29.004645","::1","::1","MQTT","552","Publish Message [iot/surveillance]"
"1175","29.005005","::1","::1","MQTT","556","Publish Message [iot/surveillance]"
"1177","29.005338","::1","::1","MQTT","552","Publish Message [iot/surveillance]"
"1181","29.005449","::1","::1","MQTT","558","Publish Message [iot/surveillance]"
"1183","29.005722","::1","::1","MQTT","556","Publish Message [iot/surveillance]"
"1185","29.006099","::1","::1","MQTT","558","Publish Message [iot/surveillance]"
"1189","29.006575","::1","::1","MQTT","559","Publish Message [iot/surveillance]"
"1191","29.007047","::1","::1","MQTT","559","Publish Message [iot/surveillance]"
"1197","29.008328","::1","::1","MQTT","560","Publish Message [iot/surveillance]"
"1201","29.008532","::1","::1","MQTT","561","Publish Message [iot/surveillance]"
"1203","29.008717","::1","::1","MQTT","555","Publish Message [iot/surveillance]"
"1204","29.008738","::1","::1","MQTT","560","Publish Message [iot/surveillance]"
"1208","29.008889","::1","::1","MQTT","560","Publish Message [iot/surveillance]"
"1210","29.009034","::1","::1","MQTT","561","Publish Message [iot/surveillance]"
"1214","29.009414","::1","::1","MQTT","555","Publish Message [iot/surveillance]"
"1216","29.009585","::1","::1","MQTT","557","Publish Message [iot/surveillance]"
"1218","29.009772","::1","::1","MQTT","560","Publish Message [iot/surveillance]"
"1220","29.010096","::1","::1","MQTT","557","Publish Message [iot/surveillance]"
"1224","29.011142","::1","::1","MQTT","557","Publish Message [iot/surveillance]"
"1226","29.011472","::1","::1","MQTT","557","Publish Message [iot/surveillance]"
"1232","30.012327","::1","::1","MQTT","557","Publish Message [iot/surveillance]"
"1236","30.012473","::1","::1","MQTT","564","Publish Message [iot/surveillance]"
"1240","30.012825","::1","::1","MQTT","557","Publish Message [iot/surveillance]"
"1242","30.013105","::1","::1","MQTT","557","Publish Message [iot/surveillance]"
"1246","30.013667","::1","::1","MQTT","564","Publish Message [iot/surveillance]"
"1250","30.013973","::1","::1","MQTT","557","Publish Message [iot/surveillance]"
"1256","30.016346","::1","::1","MQTT","555","Publish Message [iot/surveillance]"
"1258","30.016435","::1","::1","MQTT","558","Publish Message [iot/surveillance]"
"1262","30.016613","::1","::1","MQTT","556","Publish Message [iot/surveillance]"
"1264","30.016841","::1","::1","MQTT","555","Publish Message [iot/surveillance]"
"1266","30.016937","::1","::1","MQTT","559","Publish Message [iot/surveillance]"
"1270","30.017180","::1","::1","MQTT","553","Publish Message [iot/surveillance]"
"1272","30.017216","::1","::1","MQTT","558","Publish Message [iot/surveillance]"
"1274","30.017438","::1","::1","MQTT","558","Publish Message [iot/surveillance]"
"1276","30.017557","::1","::1","MQTT","556","Publish Message [iot/surveillance]"
"1280","30.017614","::1","::1","MQTT","559","Publish Message [iot/surveillance]"
"1282","30.017952","::1","::1","MQTT","559","Publish Message [iot/surveillance]"
"1284","30.018372","::1","::1","MQTT","553","Publish Message [iot/surveillance]"
"1286","30.018699","::1","::1","MQTT","558","Publish Message [iot/surveillance]"
"1288","30.018972","::1","::1","MQTT","559","Publish Message [iot/surveillance]"
"1296","31.019143","::1","::1","MQTT","558","Publish Message [iot/surveillance]"
"1300","31.019292","::1","::1","MQTT","561","Publish Message [iot/surveillance]"
"1304","31.019804","::1","::1","MQTT","558","Publish Message [iot/surveillance]"
"1308","31.020003","::1","::1","MQTT","554","Publish Message [iot/surveillance]"
"1310","31.020181","::1","::1","MQTT","562","Publish Message [iot/surveillance]"
"1311","31.020195","::1","::1","MQTT","561","Publish Message [iot/surveillance]"
"1316","31.020531","::1","::1","MQTT","554","Publish Message [iot/surveillance]"
"1322","31.020898","::1","::1","MQTT","562","Publish Message [iot/surveillance]"
"1326","31.021106","::1","::1","MQTT","557","Publish Message [iot/surveillance]"
"1330","31.021397","::1","::1","MQTT","558","Publish Message [iot/surveillance]"
"1332","31.021534","::1","::1","MQTT","557","Publish Message [iot/surveillance]"
"1334","31.021631","::1","::1","MQTT","554","Publish Message [iot/surveillance]"
"1338","31.021828","::1","::1","MQTT","560","Publish Message [iot/surveillance]"
"1339","31.021845","::1","::1","MQTT","558","Publish Message [iot/surveillance]"
"1342","31.022191","::1","::1","MQTT","554","Publish Message [iot/surveillance]"
"1343","31.022193","::1","::1","MQTT","552","Publish Message [iot/surveillance]"
"1346","31.022319","::1","::1","MQTT","562","Publish Message [iot/surveillance]"
"1348","31.022495","::1","::1","MQTT","560","Publish Message [iot/surveillance]"
"1350","31.022861","::1","::1","MQTT","552","Publish Message [iot/surveillance]"
"1352","31.023222","::1","::1","MQTT","562","Publish Message [iot/surveillance]"
"1360","32.023775","::1","::1","MQTT","558","Publish Message [iot/surveillance]"
"1364","32.024011","::1","::1","MQTT","561","Publish Message [iot/surveillance]"
"1366","32.024392","::1","::1","MQTT","558","Publish Message [iot/surveillance]"
"1370","32.024794","::1","::1","MQTT","561","Publish Message [iot/surveillance]"
"1374","32.025923","::1","::1","MQTT","561","Publish Message [iot/surveillance]"
"1376","32.026009","::1","::1","MQTT","558","Publish Message [iot/surveillance]"
"1380","32.026331","::1","::1","MQTT","559","Publish Message [iot/surveillance]"
"1382","32.026426","::1","::1","MQTT","561","Publish Message [iot/surveillance]"
"1386","32.026782","::1","::1","MQTT","558","Publish Message [iot/surveillance]"
"1388","32.027095","::1","::1","MQTT","559","Publish Message [iot/surveillance]"
"1390","32.027259","::1","::1","MQTT","556","Publish Message [iot/surveillance]"
"1394","32.027470","::1","::1","MQTT","560","Publish Message [iot/surveillance]"
"1396","32.027641","::1","::1","MQTT","556","Publish Message [iot/surveillance]"
"1400","32.027803","::1","::1","MQTT","560","Publish Message [iot/surveillance]"
"1402","32.028034","::1","::1","MQTT","560","Publish Message [iot/surveillance]"
"1404","32.028372","::1","::1","MQTT","560","Publish Message [iot/surveillance]"
"1408","32.028660","::1","::1","MQTT","558","Publish Message [iot/surveillance]"
"1410","32.029006","::1","::1","MQTT","558","Publish Message [iot/surveillance]"
"1414","32.029841","::1","::1","MQTT","562","Publish Message [iot/surveillance]"
"1416","32.030257","::1","::1","MQTT","562","Publish Message [iot/surveillance]"
"1426","33.031225","::1","::1","MQTT","559","Publish Message [iot/surveillance]"
"1430","33.031463","::1","::1","MQTT","558","Publish Message [iot/surveillance]"
"1432","33.031793","::1","::1","MQTT","559","Publish Message [iot/surveillance]"
"1434","33.032104","::1","::1","MQTT","558","Publish Message [iot/surveillance]"
"1438","33.032587","::1","::1","MQTT","561","Publish Message [iot/surveillance]"
"1442","33.032854","::1","::1","MQTT","559","Publish Message [iot/surveillance]"
"1444","33.032986","::1","::1","MQTT","561","Publish Message [iot/surveillance]"
"1446","33.033202","::1","::1","MQTT","559","Publish Message [iot/surveillance]"
"1450","33.033755","::1","::1","MQTT","559","Publish Message [iot/surveillance]"
"1452","33.034132","::1","::1","MQTT","559","Publish Message [iot/surveillance]"
"1458","33.035168","::1","::1","MQTT","556","Publish Message [iot/surveillance]"
"1460","33.035248","::1","::1","MQTT","562","Publish Message [iot/surveillance]"
"1464","33.035413","::1","::1","MQTT","560","Publish Message [iot/surveillance]"
"1466","33.035480","::1","::1","MQTT","556","Publish Message [iot/surveillance]"
"1468","33.035737","::1","::1","MQTT","562","Publish Message [iot/surveillance]"
"1472","33.036041","::1","::1","MQTT","560","Publish Message [iot/surveillance]"
"1474","33.036661","::1","::1","MQTT","559","Publish Message [iot/surveillance]"
"1478","33.036813","::1","::1","MQTT","561","Publish Message [iot/surveillance]"
"1480","33.037061","::1","::1","MQTT","559","Publish Message [iot/surveillance]"
"1482","33.037318","::1","::1","MQTT","561","Publish Message [iot/surveillance]"
"1490","34.038107","::1","::1","MQTT","562","Publish Message [iot/surveillance]"
"1492","34.038747","::1","::1","MQTT","562","Publish Message [iot/surveillance]"
"1497","34.039832","::1","::1","MQTT","558","Publish Message [iot/surveillance]"
"1500","34.039927","::1","::1","MQTT","556","Publish Message [iot/surveillance]"
"1504","34.040433","::1","::1","MQTT","561","Publish Message [iot/surveillance]"
"1506","34.040494","::1","::1","MQTT","558","Publish Message [iot/surveillance]"
"1508","34.040934","::1","::1","MQTT","556","Publish Message [iot/surveillance]"
"1510","34.041191","::1","::1","MQTT","561","Publish Message [iot/surveillance]"
"1514","34.041991","::1","::1","MQTT","558","Publish Message [iot/surveillance]"
"1516","34.042304","::1","::1","MQTT","558","Publish Message [iot/surveillance]"
"1522","34.043771","::1","::1","MQTT","561","Publish Message [iot/surveillance]"
"1524","34.043934","::1","::1","MQTT","560","Publish Message [iot/surveillance]"
"1528","34.044282","::1","::1","MQTT","561","Publish Message [iot/surveillance]"
"1530","34.044623","::1","::1","MQTT","560","Publish Message [iot/surveillance]"
"1534","34.045405","::1","::1","MQTT","559","Publish Message [iot/surveillance]"
"1536","34.045510","::1","::1","MQTT","555","Publish Message [iot/surveillance]"
"1540","34.045678","::1","::1","MQTT","559","Publish Message [iot/surveillance]"
"1542","34.045708","::1","::1","MQTT","561","Publish Message [iot/surveillance]"
"1544","34.046005","::1","::1","MQTT","555","Publish Message [iot/surveillance]"
"1546","34.046348","::1","::1","MQTT","561","Publish Message [iot/surveillance]"
"1558","35.047893","::1","::1","MQTT","557","Publish Message [iot/surveillance]"
"1560","35.048096","::1","::1","MQTT","556","Publish Message [iot/surveillance]"
"1564","35.048325","::1","::1","MQTT","560","Publish Message [iot/surveillance]"
"1565","35.048345","::1","::1","MQTT","557","Publish Message [iot/surveillance]"
"1568","35.048671","::1","::1","MQTT","556","Publish Message [iot/surveillance]"
"1570","35.048947","::1","::1","MQTT","560","Publish Message [iot/surveillance]"
"1574","35.049632","::1","::1","MQTT","558","Publish Message [iot/surveillance]"
"1576","35.049930","::1","::1","MQTT","558","Publish Message [iot/surveillance]"
"1582","35.051240","::1","::1","MQTT","558","Publish Message [iot/surveillance]"
"1584","35.051313","::1","::1","MQTT","554","Publish Message [iot/surveillance]"
"1588","35.051544","::1","::1","MQTT","552","Publish Message [iot/surveillance]"
"1590","35.051751","::1","::1","MQTT","558","Publish Message [iot/surveillance]"
"1594","35.052289","::1","::1","MQTT","554","Publish Message [iot/surveillance]"
"1596","35.052738","::1","::1","MQTT","552","Publish Message [iot/surveillance]"
"1598","35.053425","::1","::1","MQTT","552","Publish Message [iot/surveillance]"
"1601","35.054043","::1","::1","MQTT","552","Publish Message [iot/surveillance]"
"1606","35.055372","::1","::1","MQTT","559","Publish Message [iot/surveillance]"
"1608","35.055423","::1","::1","MQTT","558","Publish Message [iot/surveillance]"
"1610","35.055665","::1","::1","MQTT","559","Publish Message [iot/surveillance]"
"1612","35.055957","::1","::1","MQTT","558","Publish Message [iot/surveillance]"
"1620","36.056832","::1","::1","MQTT","555","Publish Message [iot/surveillance]"
"1624","36.056971","::1","::1","MQTT","558","Publish Message [iot/surveillance]"
"1628","36.057336","::1","::1","MQTT","558","Publish Message [iot/surveillance]"
"1630","36.057566","::1","::1","MQTT","555","Publish Message [iot/surveillance]"
"1634","36.057659","::1","::1","MQTT","556","Publish Message [iot/surveillance]"
"1636","36.057965","::1","::1","MQTT","558","Publish Message [iot/surveillance]"
"1638","36.058191","::1","::1","MQTT","558","Publish Message [iot/surveillance]"
"1642","36.058568","::1","::1","MQTT","556","Publish Message [iot/surveillance]"
"1644","36.058764","::1","::1","MQTT","556","Publish Message [iot/surveillance]"
"1648","36.059100","::1","::1","MQTT","556","Publish Message [iot/surveillance]"
"1652","36.060248","::1","::1","MQTT","556","Publish Message [iot/surveillance]"
"1654","36.060344","::1","::1","MQTT","558","Publish Message [iot/surveillance]"
"1658","36.060566","::1","::1","MQTT","559","Publish Message [iot/surveillance]"
"1660","36.060672","::1","::1","MQTT","556","Publish Message [iot/surveillance]"
"1662","36.060965","::1","::1","MQTT","558","Publish Message [iot/surveillance]"
"1666","36.061266","::1","::1","MQTT","559","Publish Message [iot/surveillance]"
"1668","36.061514","::1","::1","MQTT","563","Publish Message [iot/surveillance]"
"1670","36.061836","::1","::1","MQTT","563","Publish Message [iot/surveillance]"
"1674","36.062874","::1","::1","MQTT","557","Publish Message [iot/surveillance]"
"1676","36.063205","::1","::1","MQTT","557","Publish Message [iot/surveillance]"
"1686","37.063947","::1","::1","MQTT","556","Publish Message [iot/surveillance]"
"1690","37.064272","::1","::1","MQTT","554","Publish Message [iot/surveillance]"
"1692","37.064558","::1","::1","MQTT","556","Publish Message [iot/surveillance]"
"1696","37.064882","::1","::1","MQTT","554","Publish Message [iot/surveillance]"
"1698","37.065338","::1","::1","MQTT","559","Publish Message [iot/surveillance]"
"1702","37.065668","::1","::1","MQTT","559","Publish Message [iot/surveillance]"
"1706","37.066768","::1","::1","MQTT","563","Publish Message [iot/surveillance]"
"1708","37.066878","::1","::1","MQTT","557","Publish Message [iot/surveillance]"
"1712","37.067043","::1","::1","MQTT","560","Publish Message [iot/surveillance]"
"1714","37.067100","::1","::1","MQTT","563","Publish Message [iot/surveillance]"
"1718","37.067420","::1","::1","MQTT","557","Publish Message [iot/surveillance]"
"1720","37.067731","::1","::1","MQTT","560","Publish Message [iot/surveillance]"
"1722","37.068011","::1","::1","MQTT","559","Publish Message [iot/surveillance]"
"1724","37.068336","::1","::1","MQTT","559","Publish Message [iot/surveillance]"
"1730","37.069696","::1","::1","MQTT","558","Publish Message [iot/surveillance]"
"1732","37.069801","::1","::1","MQTT","561","Publish Message [iot/surveillance]"
"1736","37.069949","::1","::1","MQTT","561","Publish Message [iot/surveillance]"
"1738","37.070186","::1","::1","MQTT","558","Publish Message [iot/surveillance]"
"1740","37.070578","::1","::1","MQTT","561","Publish Message [iot/surveillance]"
"1742","37.070912","::1","::1","MQTT","561","Publish Message [iot/surveillance]"
"1750","38.071950","::1","::1","MQTT","556","Publish Message [iot/surveillance]"
"1754","38.072093","::1","::1","MQTT","558","Publish Message [iot/surveillance]"
"1758","38.072439","::1","::1","MQTT","564","Publish Message [iot/surveillance]"
"1759","38.072496","::1","::1","MQTT","556","Publish Message [iot/surveillance]"
"1764","38.072822","::1","::1","MQTT","558","Publish Message [iot/surveillance]"
"1768","38.072966","::1","::1","MQTT","559","Publish Message [iot/surveillance]"
"1769","38.073094","::1","::1","MQTT","564","Publish Message [iot/surveillance]"
"1771","38.073342","::1","::1","MQTT","558","Publish Message [iot/surveillance]"
"1772","38.073364","::1","::1","MQTT","559","Publish Message [iot/surveillance]"
"1777","38.073540","::1","::1","MQTT","555","Publish Message [iot/surveillance]"
"1778","38.073639","::1","::1","MQTT","558","Publish Message [iot/surveillance]"
"1782","38.074163","::1","::1","MQTT","555","Publish Message [iot/surveillance]"
"1784","38.074734","::1","::1","MQTT","557","Publish Message [iot/surveillance]"
"1785","38.075032","::1","::1","MQTT","557","Publish Message [iot/surveillance]"
"1791","38.076300","::1","::1","MQTT","556","Publish Message [iot/surveillance]"
"1793","38.076382","::1","::1","MQTT","557","Publish Message [iot/surveillance]"
"1797","38.076526","::1","::1","MQTT","555","Publish Message [iot/surveillance]"
"1799","38.076790","::1","::1","MQTT","556","Publish Message [iot/surveillance]"
"1801","38.077300","::1","::1","MQTT","557","Publish Message [iot/surveillance]"
"1803","38.077785","::1","::1","MQTT","555","Publish Message [iot/surveillance]"
"1809","39.078023","::1","::1","MQTT","558","Publish Message [iot/surveillance]"
"1813","39.078165","::1","::1","MQTT","557","Publish Message [iot/surveillance]"
"1817","39.078476","::1","::1","MQTT","557","Publish Message [iot/surveillance]"
"1818","39.078492","::1","::1","MQTT","558","Publish Message [iot/surveillance]"
"1823","39.078877","::1","::1","MQTT","557","Publish Message [iot/surveillance]"
"1827","39.079298","::1","::1","MQTT","557","Publish Message [iot/surveillance]"
"1829","39.080113","::1","::1","MQTT","556","Publish Message [iot/surveillance]"
"1832","39.080434","::1","::1","MQTT","556","Publish Message [iot/surveillance]"
"1833","39.080453","::1","::1","MQTT","1052","Publish Message [iot/surveillance], Publish Message [iot/surveillance]"
"1834","39.080738","::1","::1","MQTT","556","Publish Message [iot/surveillance]"
"1838","39.081022","::1","::1","MQTT","560","Publish Message [iot/surveillance]"
"1840","39.081356","::1","::1","MQTT","551","Publish Message [iot/surveillance]"
"1843","39.081766","::1","::1","MQTT","551","Publish Message [iot/surveillance]"
"1844","39.081790","::1","::1","MQTT","560","Publish Message [iot/surveillance]"
"1846","39.082069","::1","::1","MQTT","560","Publish Message [iot/surveillance]"
"1850","39.082691","::1","::1","MQTT","560","Publish Message [iot/surveillance]"
"1854","39.083049","::1","::1","MQTT","560","Publish Message [iot/surveillance]"
"1856","39.084114","::1","::1","MQTT","564","Publish Message [iot/surveillance]"
"1858","39.084643","::1","::1","MQTT","564","Publish Message [iot/surveillance]"
"1866","40.085354","::1","::1","MQTT","556","Publish Message [iot/surveillance]"
"1870","40.085633","::1","::1","MQTT","558","Publish Message [iot/surveillance]"
"1874","40.086006","::1","::1","MQTT","555","Publish Message [iot/surveillance]"
"1876","40.086168","::1","::1","MQTT","556","Publish Message [iot/surveillance]"
"1880","40.086788","::1","::1","MQTT","558","Publish Message [iot/surveillance]"
"1882","40.086977","::1","::1","MQTT","559","Publish Message [iot/surveillance]"
"1884","40.087168","::1","::1","MQTT","555","Publish Message [iot/surveillance]"
"1888","40.087589","::1","::1","MQTT","559","Publish Message [iot/surveillance]"
"1892","40.089387","::1","::1","MQTT","559","Publish Message [iot/surveillance]"
"1894","40.089458","::1","::1","MQTT","558","Publish Message [iot/surveillance]"
"1898","40.089687","::1","::1","MQTT","557","Publish Message [iot/surveillance]"
"1900","40.089865","::1","::1","MQTT","559","Publish Message [iot/surveillance]"
"1904","40.090230","::1","::1","MQTT","558","Publish Message [iot/surveillance]"
"1906","40.090595","::1","::1","MQTT","557","Publish Message [iot/surveillance]"
"1910","40.091058","::1","::1","MQTT","560","Publish Message [iot/surveillance]"
"1912","40.091541","::1","::1","MQTT","560","Publish Message [iot/surveillance]"
"1914","40.091770","::1","::1","MQTT","556","Publish Message [iot/surveillance]"
"1918","40.092068","::1","::1","MQTT","555","Publish Message [iot/surveillance]"
"1920","40.092248","::1","::1","MQTT","556","Publish Message [iot/surveillance]"
"1922","40.092598","::1","::1","MQTT","555","Publish Message [iot/surveillance]"
"1930","41.094046","::1","::1","MQTT","560","Publish Message [iot/surveillance]"
"1934","41.094340","::1","::1","MQTT","558","Publish Message [iot/surveillance]"
"1938","41.094906","::1","::1","MQTT","555","Publish Message [iot/surveillance]"
"1940","41.095083","::1","::1","MQTT","560","Publish Message [iot/surveillance]"
"1944","41.095242","::1","::1","MQTT","557","Publish Message [iot/surveillance]"
"1946","41.095490","::1","::1","MQTT","558","Publish Message [iot/surveillance]"
"1950","41.095799","::1","::1","MQTT","555","Publish Message [iot/surveillance]"
"1952","41.096288","::1","::1","MQTT","557","Publish Message [iot/surveillance]"
"1954","41.096549","::1","::1","MQTT","557","Publish Message [iot/surveillance]"
"1958","41.097002","::1","::1","MQTT","557","Publish Message [iot/surveillance]"
"1962","41.098090","::1","::1","MQTT","554","Publish Message [iot/surveillance]"
"1966","41.098327","::1","::1","MQTT","557","Publish Message [iot/surveillance]"
"1968","41.098616","::1","::1","MQTT","554","Publish Message [iot/surveillance]"
"1970","41.098732","::1","::1","MQTT","559","Publish Message [iot/surveillance]"
"1974","41.098984","::1","::1","MQTT","564","Publish Message [iot/surveillance]"
"1976","41.099071","::1","::1","MQTT","557","Publish Message [iot/surveillance]"
"1978","41.099415","::1","::1","MQTT","559","Publish Message [iot/surveillance]"
"1982","41.099810","::1","::1","MQTT","564","Publish Message [iot/surveillance]"
"1984","41.100762","::1","::1","MQTT","561","Publish Message [iot/surveillance]"
"1986","41.101342","::1","::1","MQTT","561","Publish Message [iot/surveillance]"
"1996","42.102205","::1","::1","MQTT","526","Publish Message [iot/surveillance]"
"1998","42.102848","::1","::1","MQTT","526","Publish Message [iot/surveillance]"
"2002","42.103920","::1","::1","MQTT","529","Publish Message [iot/surveillance]"
"2006","42.104121","::1","::1","MQTT","527","Publish Message [iot/surveillance]"
"2008","42.104398","::1","::1","MQTT","529","Publish Message [iot/surveillance]"
"2012","42.104783","::1","::1","MQTT","527","Publish Message [iot/surveillance]"
"2013","42.104811","::1","::1","MQTT","526","Publish Message [iot/surveillance]"
"2018","42.104935","::1","::1","MQTT","525","Publish Message [iot/surveillance]"
"2020","42.105194","::1","::1","MQTT","526","Publish Message [iot/surveillance]"
"2024","42.105637","::1","::1","MQTT","525","Publish Message [iot/surveillance]"
"2026","42.105991","::1","::1","MQTT","527","Publish Message [iot/surveillance]"
"2028","42.106290","::1","::1","MQTT","527","Publish Message [iot/surveillance]"
"2034","42.107820","::1","::1","MQTT","530","Publish Message [iot/surveillance]"
"2036","42.107970","::1","::1","MQTT","524","Publish Message [iot/surveillance]"
"2040","42.108210","::1","::1","MQTT","527","Publish Message [iot/surveillance]"
"2041","42.108232","::1","::1","MQTT","530","Publish Message [iot/surveillance]"
"2044","42.108618","::1","::1","MQTT","524","Publish Message [iot/surveillance]"
"2048","42.109028","::1","::1","MQTT","527","Publish Message [iot/surveillance]"
"2050","42.109300","::1","::1","MQTT","524","Publish Message [iot/surveillance]"
"2051","42.109648","::1","::1","MQTT","524","Publish Message [iot/surveillance]"
"2059","43.111168","::1","::1","MQTT","523","Publish Message [iot/surveillance]"
"2063","43.111324","::1","::1","MQTT","523","Publish Message [iot/surveillance]"
"2069","43.111977","::1","::1","MQTT","523","Publish Message [iot/surveillance]"
"2073","43.112080","::1","::1","MQTT","522","Publish Message [iot/surveillance]"
"2075","43.112361","::1","::1","MQTT","523","Publish Message [iot/surveillance]"
"2076","43.112375","::1","::1","MQTT","523","Publish Message [iot/surveillance]"
"2079","43.112584","::1","::1","MQTT","522","Publish Message [iot/surveillance]"
"2082","43.112628","::1","::1","MQTT","521","Publish Message [iot/surveillance]"
"2084","43.112862","::1","::1","MQTT","520","Publish Message [iot/surveillance]"
"2088","43.113059","::1","::1","MQTT","521","Publish Message [iot/surveillance]"
"2090","43.113125","::1","::1","MQTT","523","Publish Message [iot/surveillance]"
"2094","43.113546","::1","::1","MQTT","521","Publish Message [iot/surveillance]"
"2096","43.113995","::1","::1","MQTT","524","Publish Message [iot/surveillance]"
"2098","43.114026","::1","::1","MQTT","520","Publish Message [iot/surveillance]"
"2100","43.114426","::1","::1","MQTT","521","Publish Message [iot/surveillance]"
"2104","43.114955","::1","::1","MQTT","524","Publish Message [iot/surveillance]"
"2108","43.116093","::1","::1","MQTT","525","Publish Message [iot/surveillance]"
"2110","43.116247","::1","::1","MQTT","526","Publish Message [iot/surveillance]"
"2112","43.116617","::1","::1","MQTT","525","Publish Message [iot/surveillance]"
"2114","43.116960","::1","::1","MQTT","526","Publish Message [iot/surveillance]"
"2124","44.117841","::1","::1","MQTT","525","Publish Message [iot/surveillance]"
"2128","44.118231","::1","::1","MQTT","527","Publish Message [iot/surveillance]"
"2130","44.118445","::1","::1","MQTT","525","Publish Message [iot/surveillance]"
"2132","44.118837","::1","::1","MQTT","527","Publish Message [iot/surveillance]"
"2136","44.119310","::1","::1","MQTT","522","Publish Message [iot/surveillance]"
"2138","44.119815","::1","::1","MQTT","522","Publish Message [iot/surveillance]"
"2144","44.121365","::1","::1","MQTT","525","Publish Message [iot/surveillance]"
"2146","44.121474","::1","::1","MQTT","528","Publish Message [iot/surveillance]"
"2150","44.121776","::1","::1","MQTT","521","Publish Message [iot/surveillance]"
"2151","44.121790","::1","::1","MQTT","525","Publish Message [iot/surveillance]"
"2154","44.122183","::1","::1","MQTT","528","Publish Message [iot/surveillance]"
"2158","44.122538","::1","::1","MQTT","521","Publish Message [iot/surveillance]"
"2162","44.123578","::1","::1","MQTT","523","Publish Message [iot/surveillance]"
"2165","44.124057","::1","::1","MQTT","523","Publish Message [iot/surveillance]"
"2166","44.124091","::1","::1","MQTT","989","Publish Message [iot/surveillance], Publish Message [iot/surveillance]"
"2169","44.124518","::1","::1","MQTT","527","Publish Message [iot/surveillance]"
"2171","44.124652","::1","::1","MQTT","524","Publish Message [iot/surveillance]"
"2173","44.124807","::1","::1","MQTT","526","Publish Message [iot/surveillance]"
"2175","44.125064","::1","::1","MQTT","524","Publish Message [iot/surveillance]"
"2183","45.126168","::1","::1","MQTT","521","Publish Message [iot/surveillance]"
"2187","45.126454","::1","::1","MQTT","525","Publish Message [iot/surveillance]"
"2189","45.127004","::1","::1","MQTT","521","Publish Message [iot/surveillance]"
"2191","45.127110","::1","::1","MQTT","527","Publish Message [iot/surveillance]"
"2195","45.127367","::1","::1","MQTT","525","Publish Message [iot/surveillance]"
"2197","45.127638","::1","::1","MQTT","527","Publish Message [iot/surveillance]"
"2203","45.129150","::1","::1","MQTT","527","Publish Message [iot/surveillance]"
"2205","45.129235","::1","::1","MQTT","523","Publish Message [iot/surveillance]"
"2209","45.129380","::1","::1","MQTT","526","Publish Message [iot/surveillance]"
"2213","45.129851","::1","::1","MQTT","526","Publish Message [iot/surveillance]"
"2217","45.130074","::1","::1","MQTT","527","Publish Message [iot/surveillance]"
"2219","45.130209","::1","::1","MQTT","523","Publish Message [iot/surveillance]"
"2221","45.130566","::1","::1","MQTT","523","Publish Message [iot/surveillance]"
"2223","45.130953","::1","::1","MQTT","526","Publish Message [iot/surveillance]"
"2225","45.131222","::1","::1","MQTT","526","Publish Message [iot/surveillance]"
"2229","45.131628","::1","::1","MQTT","523","Publish Message [iot/surveillance]"
"2231","45.132103","::1","::1","MQTT","522","Publish Message [iot/surveillance]"
"2234","45.132369","::1","::1","MQTT","529","Publish Message [iot/surveillance]"
"2237","45.132538","::1","::1","MQTT","522","Publish Message [iot/surveillance]"
"2239","45.132803","::1","::1","MQTT","529","Publish Message [iot/surveillance]"
"2249","46.134066","::1","::1","MQTT","524","Publish Message [iot/surveillance]"
"2253","46.134258","::1","::1","MQTT","529","Publish Message [iot/surveillance]"
"2259","46.134872","::1","::1","MQTT","520","Publish Message [iot/surveillance]"
"2260","46.134902","::1","::1","MQTT","524","Publish Message [iot/surveillance]"
"2262","46.135057","::1","::1","MQTT","528","Publish Message [iot/surveillance]"
"2266","46.135205","::1","::1","MQTT","525","Publish Message [iot/surveillance]"
"2267","46.135225","::1","::1","MQTT","529","Publish Message [iot/surveillance]"
"2269","46.135509","::1","::1","MQTT","520","Publish Message [iot/surveillance]"
"2271","46.135767","::1","::1","MQTT","528","Publish Message [iot/surveillance]"
"2273","46.135971","::1","::1","MQTT","525","Publish Message [iot/surveillance]"
"2277","46.136790","::1","::1","MQTT","523","Publish Message [iot/surveillance]"
"2281","46.136951","::1","::1","MQTT","525","Publish Message [iot/surveillance]"
"2283","46.137160","::1","::1","MQTT","523","Publish Message [iot/surveillance]"
"2287","46.137286","::1","::1","MQTT","528","Publish Message [iot/surveillance]"
"2289","46.137463","::1","::1","MQTT","525","Publish Message [iot/surveillance]"
"2293","46.137855","::1","::1","MQTT","528","Publish Message [iot/surveillance]"
"2295","46.138203","::1","::1","MQTT","528","Publish Message [iot/surveillance]"
"2297","46.138500","::1","::1","MQTT","528","Publish Message [iot/surveillance]"
"2301","46.139382","::1","::1","MQTT","521","Publish Message [iot/surveillance]"
"2303","46.139777","::1","::1","MQTT","521","Publish Message [iot/surveillance]"
"2311","47.140071","::1","::1","MQTT","526","Publish Message [iot/surveillance]"
"2315","47.140442","::1","::1","MQTT","523","Publish Message [iot/surveillance]"
"2317","47.140748","::1","::1","MQTT","526","Publish Message [iot/surveillance]"
"2323","47.141196","::1","::1","MQTT","523","Publish Message [iot/surveillance]"
"2327","47.142952","::1","::1","MQTT","531","Publish Message [iot/surveillance]"
"2329","47.143115","::1","::1","MQTT","527","Publish Message [iot/surveillance]"
"2333","47.143275","::1","::1","MQTT","527","Publish Message [iot/surveillance]"
"2335","47.143472","::1","::1","MQTT","531","Publish Message [iot/surveillance]"
"2336","47.143476","::1","::1","MQTT","524","Publish Message [iot/surveillance]"
"2341","47.143713","::1","::1","MQTT","528","Publish Message [iot/surveillance]"
"2343","47.143795","::1","::1","MQTT","527","Publish Message [iot/surveillance]"
"2345","47.144068","::1","::1","MQTT","527","Publish Message [iot/surveillance]"
"2347","47.144371","::1","::1","MQTT","524","Publish Message [iot/surveillance]"
"2351","47.144644","::1","::1","MQTT","528","Publish Message [iot/surveillance]"
"2352","47.144671","::1","::1","MQTT","522","Publish Message [iot/surveillance]"
"2354","47.145126","::1","::1","MQTT","522","Publish Message [iot/surveillance]"
"2360","47.146907","::1","::1","MQTT","525","Publish Message [iot/surveillance]"
"2362","47.146993","::1","::1","MQTT","527","Publish Message [iot/surveillance]"
"2364","47.147219","::1","::1","MQTT","525","Publish Message [iot/surveillance]"
"2366","47.147462","::1","::1","MQTT","527","Publish Message [iot/surveillance]"
"2372","48.147933","::1","::1","MQTT","529","Publish Message [iot/surveillance]"
"2376","48.148126","::1","::1","MQTT","522","Publish Message [iot/surveillance]"
"2380","48.148597","::1","::1","MQTT","525","Publish Message [iot/surveillance]"
"2381","48.148622","::1","::1","MQTT","529","Publish Message [iot/surveillance]"
"2386","48.148925","::1","::1","MQTT","524","Publish Message [iot/surveillance]"
"2387","48.149096","::1","::1","MQTT","522","Publish Message [iot/surveillance]"
"2391","48.149488","::1","::1","MQTT","525","Publish Message [iot/surveillance]"
"2395","48.150181","::1","::1","MQTT","524","Publish Message [iot/surveillance]"
"2397","48.150589","::1","::1","MQTT","528","Publish Message [iot/surveillance]"
"2399","48.150808","::1","::1","MQTT","528","Publish Message [iot/surveillance]"
"2403","48.151158","::1","::1","MQTT","527","Publish Message [iot/surveillance]"
"2404","48.151212","::1","::1","MQTT","528","Publish Message [iot/surveillance]"
"2406","48.151600","::1","::1","MQTT","528","Publish Message [iot/surveillance]"
"2410","48.151877","::1","::1","MQTT","527","Publish Message [iot/surveillance]"
"2412","48.152357","::1","::1","MQTT","527","Publish Message [iot/surveillance]"
"2414","48.152767","::1","::1","MQTT","527","Publish Message [iot/surveillance]"
"2419","48.153949","::1","::1","MQTT","526","Publish Message [iot/surveillance]"
"2420","48.154318","::1","::1","MQTT","526","Publish Message [iot/surveillance]"
"2421","48.154336","::1","::1","MQTT","521","Publish Message [iot/surveillance]"
"2422","48.154889","::1","::1","MQTT","521","Publish Message [iot/surveillance]"
"2430","49.155236","::1","::1","MQTT","526","Publish Message [iot/surveillance]"
"2434","49.155946","::1","::1","MQTT","526","Publish Message [iot/surveillance]"
"2438","49.156095","::1","::1","MQTT","524","Publish Message [iot/surveillance]"
"2442","49.156437","::1","::1","MQTT","523","Publish Message [iot/surveillance]"
"2444","49.156510","::1","::1","MQTT","524","Publish Message [iot/surveillance]"
"2446","49.156878","::1","::1","MQTT","523","Publish Message [iot/surveillance]"
"2447","49.156881","::1","::1","MQTT","523","Publish Message [iot/surveillance]"
"2451","49.157165","::1","::1","MQTT","527","Publish Message [iot/surveillance]"
"2454","49.157215","::1","::1","MQTT","523","Publish Message [iot/surveillance]"
"2456","49.157578","::1","::1","MQTT","527","Publish Message [iot/surveillance]"
"2460","49.158212","::1","::1","MQTT","526","Publish Message [iot/surveillance]"
"2464","49.158580","::1","::1","MQTT","526","Publish Message [iot/surveillance]"
"2470","49.159743","::1","::1","MQTT","526","Publish Message [iot/surveillance]"
"2472","49.159913","::1","::1","MQTT","521","Publish Message [iot/surveillance]"
"2476","49.160065","::1","::1","MQTT","524","Publish Message [iot/surveillance]"
"2478","49.160121","::1","::1","MQTT","526","Publish Message [iot/surveillance]"
"2480","49.160236","::1","::1","MQTT","524","Publish Message [iot/surveillance]"
"2482","49.160505","::1","::1","MQTT","521","Publish Message [iot/surveillance]"
"2484","49.160764","::1","::1","MQTT","524","Publish Message [iot/surveillance]"
"2486","49.161064","::1","::1","MQTT","524","Publish Message [iot/surveillance]"
"2494","50.161713","::1","::1","MQTT","525","Publish Message [iot/surveillance]"
"2496","50.162384","::1","::1","MQTT","525","Publish Message [iot/surveillance]"
"2500","50.163595","::1","::1","MQTT","524","Publish Message [iot/surveillance]"
"2504","50.163774","::1","::1","MQTT","519","Publish Message [iot/surveillance]"
"2506","50.163954","::1","::1","MQTT","524","Publish Message [iot/surveillance]"
"2508","50.164197","::1","::1","MQTT","519","Publish Message [iot/surveillance]"
"2512","50.164660","::1","::1","MQTT","522","Publish Message [iot/surveillance]"
"2514","50.164967","::1","::1","MQTT","522","Publish Message [iot/surveillance]"
"2520","50.166032","::1","::1","MQTT","521","Publish Message [iot/surveillance]"
"2522","50.166100","::1","::1","MQTT","524","Publish Message [iot/surveillance]"
"2525","50.166288","::1","::1","MQTT","526","Publish Message [iot/surveillance]"
"2528","50.166540","::1","::1","MQTT","521","Publish Message [iot/surveillance]"
"2530","50.167088","::1","::1","MQTT","524","Publish Message [iot/surveillance]"
"2534","50.167486","::1","::1","MQTT","526","Publish Message [iot/surveillance]"
"2538","50.168562","::1","::1","MQTT","522","Publish Message [iot/surveillance]"
"2540","50.168665","::1","::1","MQTT","524","Publish Message [iot/surveillance]"
"2544","50.168820","::1","::1","MQTT","523","Publish Message [iot/surveillance]"
"2546","50.168907","::1","::1","MQTT","522","Publish Message [iot/surveillance]"
"2548","50.169213","::1","::1","MQTT","524","Publish Message [iot/surveillance]"
"2550","50.169462","::1","::1","MQTT","523","Publish Message [iot/surveillance]"
"2560","51.170366","::1","::1","MQTT","529","Publish Message [iot/surveillance]"
"2564","51.170498","::1","::1","MQTT","528","Publish Message [iot/surveillance]"
"2568","51.170839","::1","::1","MQTT","531","Publish Message [iot/surveillance]"
"2570","51.171111","::1","::1","MQTT","529","Publish Message [iot/surveillance]"
"2572","51.171412","::1","::1","MQTT","528","Publish Message [iot/surveillance]"
"2574","51.171612","::1","::1","MQTT","531","Publish Message [iot/surveillance]"
"2578","51.172213","::1","::1","MQTT","526","Publish Message [iot/surveillance]"
"2582","51.172387","::1","::1","MQTT","525","Publish Message [iot/surveillance]"
"2584","51.172650","::1","::1","MQTT","526","Publish Message [iot/surveillance]"
"2588","51.172711","::1","::1","MQTT","526","Publish Message [iot/surveillance]"
"2590","51.173008","::1","::1","MQTT","525","Publish Message [iot/surveillance]"
"2594","51.173377","::1","::1","MQTT","526","Publish Message [iot/surveillance]"
"2596","51.174214","::1","::1","MQTT","527","Publish Message [iot/surveillance]"
"2598","51.174591","::1","::1","MQTT","527","Publish Message [iot/surveillance]"
"2604","51.176064","::1","::1","MQTT","530","Publish Message [iot/surveillance]"
"2608","51.176238","::1","::1","MQTT","524","Publish Message [iot/surveillance]"
"2610","51.176456","::1","::1","MQTT","530","Publish Message [iot/surveillance]"
"2611","51.176463","::1","::1","MQTT","524","Publish Message [iot/surveillance]"
"2614","51.176730","::1","::1","MQTT","524","Publish Message [iot/surveillance]"
"2616","51.176987","::1","::1","MQTT","524","Publish Message [iot/surveillance]"
"2624","52.177447","::1","::1","MQTT","523","Publish Message [iot/surveillance]"
"2626","52.177900","::1","::1","MQTT","523","Publish Message [iot/surveillance]"
"2630","52.179054","::1","::1","MQTT","525","Publish Message [iot/surveillance]"
"2634","52.179375","::1","::1","MQTT","521","Publish Message [iot/surveillance]"
"2636","52.179568","::1","::1","MQTT","525","Publish Message [iot/surveillance]"
"2640","52.180093","::1","::1","MQTT","521","Publish Message [iot/surveillance]"
"2646","52.181079","::1","::1","MQTT","528","Publish Message [iot/surveillance]"
"2648","52.181370","::1","::1","MQTT","525","Publish Message [iot/surveillance]"
"2649","52.181409","::1","::1","MQTT","528","Publish Message [iot/surveillance]"
"2653","52.181576","::1","::1","MQTT","523","Publish Message [iot/surveillance]"
"2655","52.181737","::1","::1","MQTT","525","Publish Message [iot/surveillance]"
"2657","52.181890","::1","::1","MQTT","525","Publish Message [iot/surveillance]"
"2659","52.182155","::1","::1","MQTT","523","Publish Message [iot/surveillance]"
"2663","52.182284","::1","::1","MQTT","526","Publish Message [iot/surveillance]"
"2665","52.182467","::1","::1","MQTT","525","Publish Message [iot/surveillance]"
"2667","52.182739","::1","::1","MQTT","526","Publish Message [iot/surveillance]"
"2671","52.183389","::1","::1","MQTT","519","Publish Message [iot/surveillance]"
"2675","52.183699","::1","::1","MQTT","519","Publish Message [iot/surveillance]"
"2677","52.184897","::1","::1","MQTT","525","Publish Message [iot/surveillance]"
"2679","52.185215","::1","::1","MQTT","525","Publish Message [iot/surveillance]"
"2689","53.185732","::1","::1","MQTT","528","Publish Message [iot/surveillance]"
"2693","53.186064","::1","::1","MQTT","526","Publish Message [iot/surveillance]"
"2695","53.186292","::1","::1","MQTT","528","Publish Message [iot/surveillance]"
"2697","53.186825","::1","::1","MQTT","526","Publish Message [iot/surveillance]"
"2701","53.187414","::1","::1","MQTT","526","Publish Message [iot/surveillance]"
"2705","53.187661","::1","::1","MQTT","525","Publish Message [iot/surveillance]"
"2707","53.187775","::1","::1","MQTT","526","Publish Message [iot/surveillance]"
"2711","53.187980","::1","::1","MQTT","525","Publish Message [iot/surveillance]"
"2713","53.188053","::1","::1","MQTT","525","Publish Message [iot/surveillance]"
"2715","53.188355","::1","::1","MQTT","525","Publish Message [iot/surveillance]"
"2719","53.188822","::1","::1","MQTT","528","Publish Message [iot/surveillance]"
"2721","53.189129","::1","::1","MQTT","528","Publish Message [iot/surveillance]"
"2729","53.190601","::1","::1","MQTT","521","Publish Message [iot/surveillance]"
"2731","53.190804","::1","::1","MQTT","532","Publish Message [iot/surveillance]"
"2735","53.191030","::1","::1","MQTT","521","Publish Message [iot/surveillance]"
"2736","53.191031","::1","::1","MQTT","523","Publish Message [iot/surveillance]"
"2739","53.191417","::1","::1","MQTT","532","Publish Message [iot/surveillance]"
"2740","53.191526","::1","::1","MQTT","527","Publish Message [iot/surveillance]"
"2742","53.191879","::1","::1","MQTT","523","Publish Message [iot/surveillance]"
"2744","53.203884","::1","::1","MQTT","527","Publish Message [iot/surveillance]"
"2752","54.192933","::1","::1","MQTT","525","Publish Message [iot/surveillance]"
"2756","54.193198","::1","::1","MQTT","528","Publish Message [iot/surveillance]"
"2758","54.193746","::1","::1","MQTT","525","Publish Message [iot/surveillance]"
"2762","54.194211","::1","::1","MQTT","528","Publish Message [iot/surveillance]"
"2766","54.195467","::1","::1","MQTT","524","Publish Message [iot/surveillance]"
"2768","54.195565","::1","::1","MQTT","525","Publish Message [iot/surveillance]"
"2772","54.195740","::1","::1","MQTT","525","Publish Message [iot/surveillance]"
"2774","54.195919","::1","::1","MQTT","524","Publish Message [iot/surveillance]"
"2778","54.196244","::1","::1","MQTT","525","Publish Message [iot/surveillance]"
"2780","54.196649","::1","::1","MQTT","525","Publish Message [iot/surveillance]"
"2781","54.196649","::1","::1","MQTT","525","Publish Message [iot/surveillance]"
"2786","54.197048","::1","::1","MQTT","525","Publish Message [iot/surveillance]"
"2790","54.197933","::1","::1","MQTT","525","Publish Message [iot/surveillance]"
"2792","54.198017","::1","::1","MQTT","524","Publish Message [iot/surveillance]"
"2796","54.198172","::1","::1","MQTT","526","Publish Message [iot/surveillance]"
"2798","54.198218","::1","::1","MQTT","525","Publish Message [iot/surveillance]"
"2800","54.198532","::1","::1","MQTT","524","Publish Message [iot/surveillance]"
"2802","54.198827","::1","::1","MQTT","526","Publish Message [iot/surveillance]"
"2806","54.199095","::1","::1","MQTT","525","Publish Message [iot/surveillance]"
"2808","54.199406","::1","::1","MQTT","525","Publish Message [iot/surveillance]"
"2818","55.200720","::1","::1","MQTT","525","Publish Message [iot/surveillance]"
"2822","55.200981","::1","::1","MQTT","527","Publish Message [iot/surveillance]"
"2824","55.201400","::1","::1","MQTT","525","Publish Message [iot/surveillance]"
"2826","55.201842","::1","::1","MQTT","527","Publish Message [iot/surveillance]"
"2830","55.202654","::1","::1","MQTT","525","Publish Message [iot/surveillance]"
"2834","55.203140","::1","::1","MQTT","525","Publish Message [iot/surveillance]"
"2840","55.204201","::1","::1","MQTT","523","Publish Message [iot/surveillance]"
"2842","55.204307","::1","::1","MQTT","525","Publish Message [iot/surveillance]"
"2846","55.204688","::1","::1","MQTT","523","Publish Message [iot/surveillance]"
"2850","55.204802","::1","::1","MQTT","526","Publish Message [iot/surveillance]"
"2854","55.205121","::1","::1","MQTT","529","Publish Message [iot/surveillance]"
"2856","55.205184","::1","::1","MQTT","525","Publish Message [iot/surveillance]"
"2860","55.205494","::1","::1","MQTT","525","Publish Message [iot/surveillance]"
"2862","55.205664","::1","::1","MQTT","526","Publish Message [iot/surveillance]"
"2864","55.205780","::1","::1","MQTT","520","Publish Message [iot/surveillance]"
"2866","55.205837","::1","::1","MQTT","526","Publish Message [iot/surveillance]"
"2868","55.206087","::1","::1","MQTT","529","Publish Message [iot/surveillance]"
"2870","55.206505","::1","::1","MQTT","525","Publish Message [iot/surveillance]"
"2872","55.206788","::1","::1","MQTT","520","Publish Message [iot/surveillance]"
"2874","55.207055","::1","::1","MQTT","526","Publish Message [iot/surveillance]"
"2882","56.206988","::1","::1","MQTT","520","Publish Message [iot/surveillance]"
"2886","56.207387","::1","::1","MQTT","522","Publish Message [iot/surveillance]"
"2888","56.207516","::1","::1","MQTT","520","Publish Message [iot/surveillance]"
"2890","56.207962","::1","::1","MQTT","522","Publish Message [iot/surveillance]"
"2894","56.208985","::1","::1","MQTT","526","Publish Message [iot/surveillance]"
"2898","56.209141","::1","::1","MQTT","529","Publish Message [iot/surveillance]"
"2900","56.209387","::1","::1","MQTT","526","Publish Message [iot/surveillance]"
"2904","56.209663","::1","::1","MQTT","529","Publish Message [iot/surveillance]"
"2906","56.210109","::1","::1","MQTT","525","Publish Message [iot/surveillance]"
"2908","56.210388","::1","::1","MQTT","525","Publish Message [iot/surveillance]"
"2914","56.211472","::1","::1","MQTT","523","Publish Message [iot/surveillance]"
"2916","56.211636","::1","::1","MQTT","528","Publish Message [iot/surveillance]"
"2918","56.211854","::1","::1","MQTT","523","Publish Message [iot/surveillance]"
"2922","56.212052","::1","::1","MQTT","526","Publish Message [iot/surveillance]"
"2924","56.212130","::1","::1","MQTT","528","Publish Message [iot/surveillance]"
"2926","56.212378","::1","::1","MQTT","526","Publish Message [iot/surveillance]"
"2930","56.212887","::1","::1","MQTT","530","Publish Message [iot/surveillance]"
"2934","56.213219","::1","::1","MQTT","529","Publish Message [iot/surveillance]"
"2936","56.213384","::1","::1","MQTT","530","Publish Message [iot/surveillance]"
"2938","56.213796","::1","::1","MQTT","529","Publish Message [iot/surveillance]"
"2944","57.214765","::1","::1","MQTT","526","Publish Message [iot/surveillance]"
"2948","57.214982","::1","::1","MQTT","524","Publish Message [iot/surveillance]"
"2950","57.215169","::1","::1","MQTT","526","Publish Message [iot/surveillance]"
"2952","57.215506","::1","::1","MQTT","524","Publish Message [iot/surveillance]"
"2956","57.216098","::1","::1","MQTT","525","Publish Message [iot/surveillance]"
"2960","57.216519","::1","::1","MQTT","525","Publish Message [iot/surveillance]"
"2964","57.217578","::1","::1","MQTT","522","Publish Message [iot/surveillance]"
"2966","57.217780","::1","::1","MQTT","524","Publish Message [iot/surveillance]"
"2968","57.217866","::1","::1","MQTT","522","Publish Message [iot/surveillance]"
"2972","57.218207","::1","::1","MQTT","523","Publish Message [iot/surveillance]"
"2974","57.218269","::1","::1","MQTT","524","Publish Message [iot/surveillance]"
"2976","57.218694","::1","::1","MQTT","523","Publish Message [iot/surveillance]"
"2984","57.220051","::1","::1","MQTT","525","Publish Message [iot/surveillance]"
"2986","57.220143","::1","::1","MQTT","524","Publish Message [iot/surveillance]"
"2990","57.220299","::1","::1","MQTT","526","Publish Message [iot/surveillance]"
"2992","57.220457","::1","::1","MQTT","525","Publish Message [iot/surveillance]"
"2994","57.220521","::1","::1","MQTT","529","Publish Message [iot/surveillance]"
"2996","57.220861","::1","::1","MQTT","524","Publish Message [iot/surveillance]"
"2998","57.221139","::1","::1","MQTT","526","Publish Message [iot/surveillance]"
"3000","57.221397","::1","::1","MQTT","529","Publish Message [iot/surveillance]"
"3008","58.222403","::1","::1","MQTT","522","Publish Message [iot/surveillance]"
"3012","58.222722","::1","::1","MQTT","529","Publish Message [iot/surveillance]"
"3016","58.223332","::1","::1","MQTT","521","Publish Message [iot/surveillance]"
"3018","58.223626","::1","::1","MQTT","522","Publish Message [iot/surveillance]"
"3022","58.224030","::1","::1","MQTT","529","Publish Message [iot/surveillance]"
"3024","58.224377","::1","::1","MQTT","521","Publish Message [iot/surveillance]"
"3028","58.225598","::1","::1","MQTT","524","Publish Message [iot/surveillance]"
"3030","58.225745","::1","::1","MQTT","528","Publish Message [iot/surveillance]"
"3034","58.225994","::1","::1","MQTT","521","Publish Message [iot/surveillance]"
"3036","58.226079","::1","::1","MQTT","524","Publish Message [iot/surveillance]"
"3038","58.226470","::1","::1","MQTT","528","Publish Message [iot/surveillance]"
"3042","58.226903","::1","::1","MQTT","521","Publish Message [iot/surveillance]"
"3044","58.227354","::1","::1","MQTT","526","Publish Message [iot/surveillance]"
"3046","58.227809","::1","::1","MQTT","526","Publish Message [iot/surveillance]"
"3052","58.228978","::1","::1","MQTT","530","Publish Message [iot/surveillance]"
"3054","58.229093","::1","::1","MQTT","526","Publish Message [iot/surveillance]"
"3058","58.229272","::1","::1","MQTT","524","Publish Message [iot/surveillance]"
"3060","58.229399","::1","::1","MQTT","530","Publish Message [iot/surveillance]"
"3062","58.229817","::1","::1","MQTT","526","Publish Message [iot/surveillance]"
"3064","58.230157","::1","::1","MQTT","524","Publish Message [iot/surveillance]"
"3072","59.231733","::1","::1","MQTT","525","Publish Message [iot/surveillance]"
"3076","59.231962","::1","::1","MQTT","522","Publish Message [iot/surveillance]"
"3078","59.232470","::1","::1","MQTT","525","Publish Message [iot/surveillance]"
"3081","59.232551","::1","::1","MQTT","523","Publish Message [iot/surveillance]"
"3084","59.232801","::1","::1","MQTT","522","Publish Message [iot/surveillance]"
"3086","59.233040","::1","::1","MQTT","523","Publish Message [iot/surveillance]"
"3090","59.233850","::1","::1","MQTT","520","Publish Message [iot/surveillance]"
"3094","59.233999","::1","::1","MQTT","526","Publish Message [iot/surveillance]"
"3096","59.234193","::1","::1","MQTT","520","Publish Message [iot/surveillance]"
"3100","59.234458","::1","::1","MQTT","526","Publish Message [iot/surveillance]"
"3102","59.234892","::1","::1","MQTT","526","Publish Message [iot/surveillance]"
"3104","59.235204","::1","::1","MQTT","526","Publish Message [iot/surveillance]"
"3110","59.236733","::1","::1","MQTT","526","Publish Message [iot/surveillance]"
"3112","59.236829","::1","::1","MQTT","521","Publish Message [iot/surveillance]"
"3116","59.237007","::1","::1","MQTT","524","Publish Message [iot/surveillance]"
"3118","59.237284","::1","::1","MQTT","526","Publish Message [iot/surveillance]"
"3122","59.237704","::1","::1","MQTT","521","Publish Message [iot/surveillance]"
"3124","59.238259","::1","::1","MQTT","524","Publish Message [iot/surveillance]"
"3125","59.238289","::1","::1","MQTT","524","Publish Message [iot/surveillance]"
"3127","59.238775","::1","::1","MQTT","524","Publish Message [iot/surveillance]"
"3137","60.238880","::1","::1","MQTT","520","Publish Message [iot/surveillance]"
"3139","60.239546","::1","::1","MQTT","520","Publish Message [iot/surveillance]"
"3143","60.240195","::1","::1","MQTT","523","Publish Message [iot/surveillance]"
"3146","60.240738","::1","::1","MQTT","523","Publish Message [iot/surveillance]"
"3151","60.242552","::1","::1","MQTT","530","Publish Message [iot/surveillance]"
"3153","60.242885","::1","::1","MQTT","520","Publish Message [iot/surveillance]"
"3157","60.242954","::1","::1","MQTT","529","Publish Message [iot/surveillance]"
"3159","60.243061","::1","::1","MQTT","530","Publish Message [iot/surveillance]"
"3163","60.243404","::1","::1","MQTT","520","Publish Message [iot/surveillance]"
"3164","60.243431","::1","::1","MQTT","528","Publish Message [iot/surveillance]"
"3166","60.243755","::1","::1","MQTT","529","Publish Message [iot/surveillance]"
"3168","60.244156","::1","::1","MQTT","528","Publish Message [iot/surveillance]"
"3174","60.245632","::1","::1","MQTT","522","Publish Message [iot/surveillance]"
"3176","60.245738","::1","::1","MQTT","524","Publish Message [iot/surveillance]"
"3180","60.245954","::1","::1","MQTT","522","Publish Message [iot/surveillance]"
"3182","60.246087","::1","::1","MQTT","522","Publish Message [iot/surveillance]"
"3184","60.246471","::1","::1","MQTT","524","Publish Message [iot/surveillance]"
"3186","60.246808","::1","::1","MQTT","522","Publish Message [iot/surveillance]"
"3190","60.247166","::1","::1","MQTT","530","Publish Message [iot/surveillance]"
"3192","60.247491","::1","::1","MQTT","530","Publish Message [iot/surveillance]"
"3200","61.248792","::1","::1","MQTT","522","Publish Message [iot/surveillance]"
"3204","61.248946","::1","::1","MQTT","521","Publish Message [iot/surveillance]"
"3208","61.249294","::1","::1","MQTT","522","Publish Message [iot/surveillance]"
"3209","61.249296","::1","::1","MQTT","520","Publish Message [iot/surveillance]"
"3214","61.249783","::1","::1","MQTT","521","Publish Message [iot/surveillance]"
"3216","61.250024","::1","::1","MQTT","524","Publish Message [iot/surveillance]"
"3217","61.250196","::1","::1","MQTT","520","Publish Message [iot/surveillance]"
"3219","61.250561","::1","::1","MQTT","524","Publish Message [iot/surveillance]"
"3225","61.251657","::1","::1","MQTT","526","Publish Message [iot/surveillance]"
"3227","61.251766","::1","::1","MQTT","525","Publish Message [iot/surveillance]"
"3231","61.251924","::1","::1","MQTT","529","Publish Message [iot/surveillance]"
"3233","61.252014","::1","::1","MQTT","526","Publish Message [iot/surveillance]"
"3235","61.252426","::1","::1","MQTT","525","Publish Message [iot/surveillance]"
"3239","61.252736","::1","::1","MQTT","529","Publish Message [iot/surveillance]"
"3241","61.253001","::1","::1","MQTT","526","Publish Message [iot/surveillance]"
"3243","61.253364","::1","::1","MQTT","526","Publish Message [iot/surveillance]"
"3249","61.254425","::1","::1","MQTT","523","Publish Message [iot/surveillance]"
"3251","61.254506","::1","::1","MQTT","527","Publish Message [iot/surveillance]"
"3253","61.254905","::1","::1","MQTT","523","Publish Message [iot/surveillance]"
"3255","61.255609","::1","::1","MQTT","527","Publish Message [iot/surveillance]"
"3265","62.255837","::1","::1","MQTT","525","Publish Message [iot/surveillance]"
"3269","62.256041","::1","::1","MQTT","527","Publish Message [iot/surveillance]"
"3271","62.256414","::1","::1","MQTT","525","Publish Message [iot/surveillance]"
"3275","62.256825","::1","::1","MQTT","523","Publish Message [iot/surveillance]"
"3276","62.256833","::1","::1","MQTT","527","Publish Message [iot/surveillance]"
"3279","62.257160","::1","::1","MQTT","523","Publish Message [iot/surveillance]"
"3283","62.257991","::1","::1","MQTT","523","Publish Message [iot/surveillance]"
"3286","62.258400","::1","::1","MQTT","523","Publish Message [iot/surveillance]"
"3287","62.258420","::1","::1","MQTT","528","Publish Message [iot/surveillance]"
"3290","62.258699","::1","::1","MQTT","528","Publish Message [iot/surveillance]"
"3292","62.259168","::1","::1","MQTT","522","Publish Message [iot/surveillance]"
"3296","62.259553","::1","::1","MQTT","522","Publish Message [iot/surveillance]"
"3302","62.261789","::1","::1","MQTT","521","Publish Message [iot/surveillance]"
"3304","62.261895","::1","::1","MQTT","524","Publish Message [iot/surveillance]"
"3308","62.262045","::1","::1","MQTT","526","Publish Message [iot/surveillance]"
"3310","62.262218","::1","::1","MQTT","528","Publish Message [iot/surveillance]"
"3312","62.262558","::1","::1","MQTT","521","Publish Message [iot/surveillance]"
"3314","62.262955","::1","::1","MQTT","524","Publish Message [iot/surveillance]"
"3316","62.263271","::1","::1","MQTT","526","Publish Message [iot/surveillance]"
"3318","62.263591","::1","::1","MQTT","528","Publish Message [iot/surveillance]"
"3326","63.263212","::1","::1","MQTT","523","Publish Message [iot/surveillance]"
"3328","63.263832","::1","::1","MQTT","523","Publish Message [iot/surveillance]"
"3332","63.264314","::1","::1","MQTT","529","Publish Message [iot/surveillance]"
"3334","63.264646","::1","::1","MQTT","529","Publish Message [iot/surveillance]"
"3338","63.265278","::1","::1","MQTT","522","Publish Message [iot/surveillance]"
"3340","63.265640","::1","::1","MQTT","522","Publish Message [iot/surveillance]"
"3346","63.266483","::1","::1","MQTT","526","Publish Message [iot/surveillance]"
"3350","63.266818","::1","::1","MQTT","526","Publish Message [iot/surveillance]"
"3351","63.266830","::1","::1","MQTT","527","Publish Message [iot/surveillance]"
"3354","63.267045","::1","::1","MQTT","523","Publish Message [iot/surveillance]"
"3356","63.267107","::1","::1","MQTT","527","Publish Message [iot/surveillance]"
"3360","63.267194","::1","::1","MQTT","525","Publish Message [iot/surveillance]"
"3362","63.267408","::1","::1","MQTT","523","Publish Message [iot/surveillance]"
"3364","63.267686","::1","::1","MQTT","525","Publish Message [iot/surveillance]"
"3368","63.268056","::1","::1","MQTT","525","Publish Message [iot/surveillance]"
"3371","63.268344","::1","::1","MQTT","525","Publish Message [iot/surveillance]"
"3376","63.270161","::1","::1","MQTT","527","Publish Message [iot/surveillance]"
"3378","63.270252","::1","::1","MQTT","519","Publish Message [iot/surveillance]"
"3380","63.270620","::1","::1","MQTT","527","Publish Message [iot/surveillance]"
"3382","63.271018","::1","::1","MQTT","519","Publish Message [iot/surveillance]"
"3392","64.271462","::1","::1","MQTT","524","Publish Message [iot/surveillance]"
"3398","64.272043","::1","::1","MQTT","524","Publish Message [iot/surveillance]"
"3399","64.272076","::1","::1","MQTT","522","Publish Message [iot/surveillance]"
"3402","64.272392","::1","::1","MQTT","525","Publish Message [iot/surveillance]"
"3404","64.272460","::1","::1","MQTT","522","Publish Message [iot/surveillance]"
"3407","64.272624","::1","::1","MQTT","527","Publish Message [iot/surveillance]"
"3410","64.272831","::1","::1","MQTT","525","Publish Message [iot/surveillance]"
"3414","64.273277","::1","::1","MQTT","527","Publish Message [iot/surveillance]"
"3418","64.274496","::1","::1","MQTT","525","Publish Message [iot/surveillance]"
"3420","64.274598","::1","::1","MQTT","522","Publish Message [iot/surveillance]"
"3424","64.274737","::1","::1","MQTT","525","Publish Message [iot/surveillance]"
"3426","64.274975","::1","::1","MQTT","525","Publish Message [iot/surveillance]"
"3430","64.275296","::1","::1","MQTT","522","Publish Message [iot/surveillance]"
"3434","64.275617","::1","::1","MQTT","525","Publish Message [iot/surveillance]"
"3436","64.276055","::1","::1","MQTT","523","Publish Message [iot/surveillance]"
"3438","64.276209","::1","::1","MQTT","528","Publish Message [iot/surveillance]"
"3440","64.276453","::1","::1","MQTT","523","Publish Message [iot/surveillance]"
"3444","64.276488","::1","::1","MQTT","526","Publish Message [iot/surveillance]"
"3446","64.276862","::1","::1","MQTT","528","Publish Message [iot/surveillance]"
"3448","64.277362","::1","::1","MQTT","526","Publish Message [iot/surveillance]"
"3472","65.277988","::1","::1","MQTT","524","Publish Message [iot/surveillance]"
"3474","65.278499","::1","::1","MQTT","524","Publish Message [iot/surveillance]"
"3480","65.279632","::1","::1","MQTT","525","Publish Message [iot/surveillance]"
"3482","65.279788","::1","::1","MQTT","522","Publish Message [iot/surveillance]"
"3486","65.280123","::1","::1","MQTT","525","Publish Message [iot/surveillance]"
"3487","65.280132","::1","::1","MQTT","528","Publish Message [iot/surveillance]"
"3490","65.280411","::1","::1","MQTT","522","Publish Message [iot/surveillance]"
"3492","65.280676","::1","::1","MQTT","528","Publish Message [iot/surveillance]"
"3496","65.281611","::1","::1","MQTT","524","Publish Message [iot/surveillance]"
"3502","65.282032","::1","::1","MQTT","524","Publish Message [iot/surveillance]"
"3508","65.282822","::1","::1","MQTT","521","Publish Message [iot/surveillance]"
"3510","65.282935","::1","::1","MQTT","530","Publish Message [iot/surveillance]"
"3514","65.283095","::1","::1","MQTT","521","Publish Message [iot/surveillance]"
"3516","65.283152","::1","::1","MQTT","524","Publish Message [iot/surveillance]"
"3518","65.283185","::1","::1","MQTT","525","Publish Message [iot/surveillance]"
"3520","65.283219","::1","::1","MQTT","531","Publish Message [iot/surveillance]"
"3522","65.283370","::1","::1","MQTT","530","Publish Message [iot/surveillance]"
"3524","65.283613","::1","::1","MQTT","524","Publish Message [iot/surveillance]"
"3526","65.283809","::1","::1","MQTT","525","Publish Message [iot/surveillance]"
"3528","65.284021","::1","::1","MQTT","531","Publish Message [iot/surveillance]"
"3554","66.283997","::1","::1","MQTT","526","Publish Message [iot/surveillance]"
"3558","66.284121","::1","::1","MQTT","523","Publish Message [iot/surveillance]"
"3562","66.284356","::1","::1","MQTT","525","Publish Message [iot/surveillance]"
"3563","66.284373","::1","::1","MQTT","526","Publish Message [iot/surveillance]"
"3568","66.284791","::1","::1","MQTT","523","Publish Message [iot/surveillance]"
"3570","66.285031","::1","::1","MQTT","525","Publish Message [iot/surveillance]"
"3572","66.285056","::1","::1","MQTT","529","Publish Message [iot/surveillance]"
"3573","66.285274","::1","::1","MQTT","529","Publish Message [iot/surveillance]"
"3579","66.286160","::1","::1","MQTT","529","Publish Message [iot/surveillance]"
"3582","66.286562","::1","::1","MQTT","529","Publish Message [iot/surveillance]"
"3583","66.286585","::1","::1","MQTT","526","Publish Message [iot/surveillance]"
"3584","66.286824","::1","::1","MQTT","526","Publish Message [iot/surveillance]"
"3588","66.288054","::1","::1","MQTT","524","Publish Message [iot/surveillance]"
"3589","66.288493","::1","::1","MQTT","524","Publish Message [iot/surveillance]"
"3590","66.288520","::1","::1","MQTT","527","Publish Message [iot/surveillance]"
"3591","66.288749","::1","::1","MQTT","527","Publish Message [iot/surveillance]"
"3597","66.289502","::1","::1","MQTT","524","Publish Message [iot/surveillance]"
"3599","66.289613","::1","::1","MQTT","524","Publish Message [iot/surveillance]"
"3601","66.289716","::1","::1","MQTT","524","Publish Message [iot/surveillance]"
"3603","66.289985","::1","::1","MQTT","524","Publish Message [iot/surveillance]"
"3621","67.203574","::1","::1","MQTT","66","Ping Request"
"3623","67.203973","::1","::1","MQTT","66","Ping Response"
"3631","67.290544","::1","::1","MQTT","520","Publish Message [iot/surveillance]"
"3635","67.290645","::1","::1","MQTT","526","Publish Message [iot/surveillance]"
"3637","67.291095","::1","::1","MQTT","520","Publish Message [iot/surveillance]"
"3641","67.291508","::1","::1","MQTT","526","Publish Message [iot/surveillance]"
"3645","67.292347","::1","::1","MQTT","526","Publish Message [iot/surveillance]"
"3649","67.292458","::1","::1","MQTT","523","Publish Message [iot/surveillance]"
"3655","67.292882","::1","::1","MQTT","526","Publish Message [iot/surveillance]"
"3657","67.293011","::1","::1","MQTT","525","Publish Message [iot/surveillance]"
"3659","67.293166","::1","::1","MQTT","523","Publish Message [iot/surveillance]"
"3661","67.293318","::1","::1","MQTT","523","Publish Message [iot/surveillance]"
"3665","67.293411","::1","::1","MQTT","523","Publish Message [iot/surveillance]"
"3667","67.293602","::1","::1","MQTT","518","Publish Message [iot/surveillance]"
"3668","67.293605","::1","::1","MQTT","525","Publish Message [iot/surveillance]"
"3673","67.293741","::1","::1","MQTT","521","Publish Message [iot/surveillance]"
"3675","67.293834","::1","::1","MQTT","523","Publish Message [iot/surveillance]"
"3677","67.294028","::1","::1","MQTT","523","Publish Message [iot/surveillance]"
"3681","67.294234","::1","::1","MQTT","518","Publish Message [iot/surveillance]"
"3683","67.294448","::1","::1","MQTT","521","Publish Message [iot/surveillance]"
"3685","67.294729","::1","::1","MQTT","525","Publish Message [iot/surveillance]"
"3687","67.294952","::1","::1","MQTT","525","Publish Message [iot/surveillance]"
"3695","68.295428","::1","::1","MQTT","522","Publish Message [iot/surveillance]"
"3699","68.295547","::1","::1","MQTT","522","Publish Message [iot/surveillance]"
"3701","68.295873","::1","::1","MQTT","522","Publish Message [iot/surveillance]"
"3703","68.296029","::1","::1","MQTT","522","Publish Message [iot/surveillance]"
"3707","68.296257","::1","::1","MQTT","522","Publish Message [iot/surveillance]"
"3709","68.296573","::1","::1","MQTT","522","Publish Message [iot/surveillance]"
"3713","68.297138","::1","::1","MQTT","527","Publish Message [iot/surveillance]"
"3715","68.297439","::1","::1","MQTT","527","Publish Message [iot/surveillance]"
"3721","68.298537","::1","::1","MQTT","528","Publish Message [iot/surveillance]"
"3725","68.298701","::1","::1","MQTT","527","Publish Message [iot/surveillance]"
"3727","68.298828","::1","::1","MQTT","530","Publish Message [iot/surveillance]"
"3729","68.298854","::1","::1","MQTT","528","Publish Message [iot/surveillance]"
"3733","68.299009","::1","::1","MQTT","524","Publish Message [iot/surveillance]"
"3735","68.299080","::1","::1","MQTT","527","Publish Message [iot/surveillance]"
"3739","68.299289","::1","::1","MQTT","530","Publish Message [iot/surveillance]"
"3741","68.299488","::1","::1","MQTT","524","Publish Message [iot/surveillance]"
"3743","68.299692","::1","::1","MQTT","523","Publish Message [iot/surveillance]"
"3745","68.299910","::1","::1","MQTT","523","Publish Message [iot/surveillance]"
"3749","68.300841","::1","::1","MQTT","521","Publish Message [iot/surveillance]"
"3751","68.301154","::1","::1","MQTT","521","Publish Message [iot/surveillance]"
"3761","69.301894","::1","::1","MQTT","527","Publish Message [iot/surveillance]"
"3765","69.302263","::1","::1","MQTT","527","Publish Message [iot/surveillance]"
"3767","69.302695","::1","::1","MQTT","527","Publish Message [iot/surveillance]"
"3769","69.303228","::1","::1","MQTT","527","Publish Message [iot/surveillance]"
"3773","69.304400","::1","::1","MQTT","526","Publish Message [iot/surveillance]"
"3776","69.304537","::1","::1","MQTT","526","Publish Message [iot/surveillance]"
"3779","69.304799","::1","::1","MQTT","526","Publish Message [iot/surveillance]"
"3783","69.305025","::1","::1","MQTT","526","Publish Message [iot/surveillance]"
"3785","69.305356","::1","::1","MQTT","525","Publish Message [iot/surveillance]"
"3789","69.305464","::1","::1","MQTT","522","Publish Message [iot/surveillance]"
"3791","69.305674","::1","::1","MQTT","525","Publish Message [iot/surveillance]"
"3795","69.305858","::1","::1","MQTT","522","Publish Message [iot/surveillance]"
"3797","69.306162","::1","::1","MQTT","526","Publish Message [iot/surveillance]"
"3799","69.306351","::1","::1","MQTT","526","Publish Message [iot/surveillance]"
"3805","69.307568","::1","::1","MQTT","525","Publish Message [iot/surveillance]"
"3807","69.307672","::1","::1","MQTT","526","Publish Message [iot/surveillance]"
"3809","69.308041","::1","::1","MQTT","525","Publish Message [iot/surveillance]"
"3811","69.308305","::1","::1","MQTT","526","Publish Message [iot/surveillance]"
"3815","69.309807","::1","::1","MQTT","523","Publish Message [iot/surveillance]"
"3817","69.310311","::1","::1","MQTT","523","Publish Message [iot/surveillance]"
"3825","70.310083","::1","::1","MQTT","524","Publish Message [iot/surveillance]"
"3829","70.310622","::1","::1","MQTT","524","Publish Message [iot/surveillance]"
"3831","70.310792","::1","::1","MQTT","521","Publish Message [iot/surveillance]"
"3835","70.310945","::1","::1","MQTT","521","Publish Message [iot/surveillance]"
"3837","70.311138","::1","::1","MQTT","521","Publish Message [iot/surveillance]"
"3841","70.311402","::1","::1","MQTT","521","Publish Message [iot/surveillance]"
"3845","70.312035","::1","::1","MQTT","525","Publish Message [iot/surveillance]"
"3847","70.312124","::1","::1","MQTT","520","Publish Message [iot/surveillance]"
"3850","70.312265","::1","::1","MQTT","525","Publish Message [iot/surveillance]"
"3853","70.312301","::1","::1","MQTT","523","Publish Message [iot/surveillance]"
"3855","70.312507","::1","::1","MQTT","520","Publish Message [iot/surveillance]"
"3859","70.312767","::1","::1","MQTT","523","Publish Message [iot/surveillance]"
"3861","70.313019","::1","::1","MQTT","524","Publish Message [iot/surveillance]"
"3863","70.313253","::1","::1","MQTT","524","Publish Message [iot/surveillance]"
"3869","70.314302","::1","::1","MQTT","528","Publish Message [iot/surveillance]"
"3873","70.314599","::1","::1","MQTT","528","Publish Message [iot/surveillance]"
"3875","70.314754","::1","::1","MQTT","528","Publish Message [iot/surveillance]"
"3876","70.314780","::1","::1","MQTT","526","Publish Message [iot/surveillance]"
"3878","70.315096","::1","::1","MQTT","528","Publish Message [iot/surveillance]"
"3880","70.315384","::1","::1","MQTT","526","Publish Message [iot/surveillance]"
"3890","71.316330","::1","::1","MQTT","525","Publish Message [iot/surveillance]"
"3894","71.316719","::1","::1","MQTT","529","Publish Message [iot/surveillance]"
"3896","71.316862","::1","::1","MQTT","525","Publish Message [iot/surveillance]"
"3898","71.317326","::1","::1","MQTT","529","Publish Message [iot/surveillance]"
"3902","71.318202","::1","::1","MQTT","528","Publish Message [iot/surveillance]"
"3904","71.318749","::1","::1","MQTT","528","Publish Message [iot/surveillance]"
"3910","71.320200","::1","::1","MQTT","523","Publish Message [iot/surveillance]"
"3914","71.320521","::1","::1","MQTT","521","Publish Message [iot/surveillance]"
"3916","71.320701","::1","::1","MQTT","523","Publish Message [iot/surveillance]"
"3918","71.320730","::1","::1","MQTT","524","Publish Message [iot/surveillance]"
"3922","71.320909","::1","::1","MQTT","520","Publish Message [iot/surveillance]"
"3924","71.320996","::1","::1","MQTT","521","Publish Message [iot/surveillance]"
"3926","71.321311","::1","::1","MQTT","524","Publish Message [iot/surveillance]"
"3930","71.321623","::1","::1","MQTT","520","Publish Message [iot/surveillance]"
"3932","71.322527","::1","::1","MQTT","521","Publish Message [iot/surveillance]"
"3936","71.322735","::1","::1","MQTT","526","Publish Message [iot/surveillance]"
"3938","71.322843","::1","::1","MQTT","521","Publish Message [iot/surveillance]"
"3940","71.323085","::1","::1","MQTT","526","Publish Message [iot/surveillance]"
"3944","71.323510","::1","::1","MQTT","525","Publish Message [iot/surveillance]"
"3946","71.323738","::1","::1","MQTT","525","Publish Message [iot/surveillance]"
"3955","72.330810","::1","::1","MQTT","66","Ping Request"
"3957","72.331249","::1","::1","MQTT","66","Ping Response"
"4013","82.389197","::1","::1","MQTT","66","Disconnect Req"
